Time,EXERCISECENTERFLR1 ZN - EMPLOYEELOUNGEFLR1 ZN - RESTROOMFLR1 ZN SAC:DesPer 1:Des Heat Mass Flow [kg/s],EXERCISECENTERFLR1 ZN - EMPLOYEELOUNGEFLR1 ZN - RESTROOMFLR1 ZN SAC:DesPer 1:Des Heat Cap [W],EXERCISECENTERFLR1 ZN - EMPLOYEELOUNGEFLR1 ZN - RESTROOMFLR1 ZN SAC:DesPer 1:Des Cool Mass Flow [kg/s],EXERCISECENTERFLR1 ZN - EMPLOYEELOUNGEFLR1 ZN - RESTROOMFLR1 ZN SAC:DesPer 1:Des Sens Cool Cap [W],EXERCISECENTERFLR1 ZN - EMPLOYEELOUNGEFLR1 ZN - RESTROOMFLR1 ZN SAC:DesPer 1:Des Tot Cool Cap [W],EXERCISECENTERFLR1 ZN - EMPLOYEELOUNGEFLR1 ZN - RESTROOMFLR1 ZN SAC:DesPer 2:Des Heat Mass Flow [kg/s],EXERCISECENTERFLR1 ZN - EMPLOYEELOUNGEFLR1 ZN - RESTROOMFLR1 ZN SAC:DesPer 2:Des Heat Cap [W],EXERCISECENTERFLR1 ZN - EMPLOYEELOUNGEFLR1 ZN - RESTROOMFLR1 ZN SAC:DesPer 2:Des Cool Mass Flow [kg/s],EXERCISECENTERFLR1 ZN - EMPLOYEELOUNGEFLR1 ZN - RESTROOMFLR1 ZN SAC:DesPer 2:Des Sens Cool Cap [W],EXERCISECENTERFLR1 ZN - EMPLOYEELOUNGEFLR1 ZN - RESTROOMFLR1 ZN SAC:DesPer 2:Des Tot Cool Cap [W],FRONTLOUNGEFLR1 ZN SAC:DesPer 1:Des Heat Mass Flow [kg/s],FRONTLOUNGEFLR1 ZN SAC:DesPer 1:Des Heat Cap [W],FRONTLOUNGEFLR1 ZN SAC:DesPer 1:Des Cool Mass Flow [kg/s],FRONTLOUNGEFLR1 ZN SAC:DesPer 1:Des Sens Cool Cap [W],FRONTLOUNGEFLR1 ZN SAC:DesPer 1:Des Tot Cool Cap [W],FRONTLOUNGEFLR1 ZN SAC:DesPer 2:Des Heat Mass Flow [kg/s],FRONTLOUNGEFLR1 ZN SAC:DesPer 2:Des Heat Cap [W],FRONTLOUNGEFLR1 ZN SAC:DesPer 2:Des Cool Mass Flow [kg/s],FRONTLOUNGEFLR1 ZN SAC:DesPer 2:Des Sens Cool Cap [W],FRONTLOUNGEFLR1 ZN SAC:DesPer 2:Des Tot Cool Cap [W],FRONTOFFICEFLR1 ZN SAC:DesPer 1:Des Heat Mass Flow [kg/s],FRONTOFFICEFLR1 ZN SAC:DesPer 1:Des Heat Cap [W],FRONTOFFICEFLR1 ZN SAC:DesPer 1:Des Cool Mass Flow [kg/s],FRONTOFFICEFLR1 ZN SAC:DesPer 1:Des Sens Cool Cap [W],FRONTOFFICEFLR1 ZN SAC:DesPer 1:Des Tot Cool Cap [W],FRONTOFFICEFLR1 ZN SAC:DesPer 2:Des Heat Mass Flow [kg/s],FRONTOFFICEFLR1 ZN SAC:DesPer 2:Des Heat Cap [W],FRONTOFFICEFLR1 ZN SAC:DesPer 2:Des Cool Mass Flow [kg/s],FRONTOFFICEFLR1 ZN SAC:DesPer 2:Des Sens Cool Cap [W],FRONTOFFICEFLR1 ZN SAC:DesPer 2:Des Tot Cool Cap [W],MEETINGROOMFLR1 ZN SAC:DesPer 1:Des Heat Mass Flow [kg/s],MEETINGROOMFLR1 ZN SAC:DesPer 1:Des Heat Cap [W],MEETINGROOMFLR1 ZN SAC:DesPer 1:Des Cool Mass Flow [kg/s],MEETINGROOMFLR1 ZN SAC:DesPer 1:Des Sens Cool Cap [W],MEETINGROOMFLR1 ZN SAC:DesPer 1:Des Tot Cool Cap [W],MEETINGROOMFLR1 ZN SAC:DesPer 2:Des Heat Mass Flow [kg/s],MEETINGROOMFLR1 ZN SAC:DesPer 2:Des Heat Cap [W],MEETINGROOMFLR1 ZN SAC:DesPer 2:Des Cool Mass Flow [kg/s],MEETINGROOMFLR1 ZN SAC:DesPer 2:Des Sens Cool Cap [W],MEETINGROOMFLR1 ZN SAC:DesPer 2:Des Tot Cool Cap [W]
00:15:00,1.876610E-01,4.802477E+03,7.321415E-01,8.861891E+03,1.370980E+04,1.876610E-01,1.320009E+04,1.876610E-01,0.000000E+00,0.000000E+00,2.775947E-01,7.103991E+03,7.691351E-01,9.362100E+03,1.716919E+04,2.775947E-01,1.952604E+04,2.775947E-01,0.000000E+00,0.000000E+00,7.456541E-02,1.908221E+03,2.797250E-01,3.389223E+03,5.523217E+03,7.456541E-02,5.244939E+03,7.456541E-02,0.000000E+00,0.000000E+00,1.486499E-01,3.804135E+03,3.584343E-01,4.374356E+03,8.972908E+03,1.486499E-01,1.045605E+04,1.486499E-01,0.000000E+00,0.000000E+00
00:30:00,1.876610E-01,4.832177E+03,7.313461E-01,8.822707E+03,1.366454E+04,1.876610E-01,1.320009E+04,1.876610E-01,0.000000E+00,0.000000E+00,2.775947E-01,7.147925E+03,7.670042E-01,9.292731E+03,1.709408E+04,2.775947E-01,1.952604E+04,2.775947E-01,0.000000E+00,0.000000E+00,7.456541E-02,1.920022E+03,2.782178E-01,3.359421E+03,5.491363E+03,7.456541E-02,5.244939E+03,7.456541E-02,0.000000E+00,0.000000E+00,1.486499E-01,3.827661E+03,3.576103E-01,4.340997E+03,8.935697E+03,1.486499E-01,1.045605E+04,1.486499E-01,0.000000E+00,0.000000E+00
00:45:00,1.876610E-01,4.861878E+03,7.305751E-01,8.783811E+03,1.362194E+04,1.876610E-01,1.320009E+04,1.876610E-01,0.000000E+00,0.000000E+00,2.775947E-01,7.191859E+03,7.649505E-01,9.224282E+03,1.701997E+04,2.775947E-01,1.952604E+04,2.775947E-01,0.000000E+00,0.000000E+00,7.456541E-02,1.931823E+03,2.768133E-01,3.330845E+03,5.460923E+03,7.456541E-02,5.244939E+03,7.456541E-02,0.000000E+00,0.000000E+00,1.486499E-01,3.851187E+03,3.568165E-01,4.307999E+03,8.898922E+03,1.486499E-01,1.045605E+04,1.486499E-01,0.000000E+00,0.000000E+00
01:00:00,1.876610E-01,4.891578E+03,7.298283E-01,8.745201E+03,1.358122E+04,1.876610E-01,1.320009E+04,1.876610E-01,0.000000E+00,0.000000E+00,2.775947E-01,7.235792E+03,7.629722E-01,9.156733E+03,1.694693E+04,2.775947E-01,1.952604E+04,2.775947E-01,0.000000E+00,0.000000E+00,7.456541E-02,1.943624E+03,2.754980E-01,3.303335E+03,5.431683E+03,7.456541E-02,5.244939E+03,7.456541E-02,0.000000E+00,0.000000E+00,1.486499E-01,3.874713E+03,3.560525E-01,4.275357E+03,8.862621E+03,1.486499E-01,1.045605E+04,1.486499E-01,0.000000E+00,0.000000E+00
01:15:00,1.876610E-01,4.911378E+03,7.291147E-01,8.716886E+03,1.355211E+04,1.876610E-01,1.320009E+04,1.876610E-01,0.000000E+00,0.000000E+00,2.775947E-01,7.265081E+03,7.611035E-01,9.105139E+03,1.689061E+04,2.775947E-01,1.952604E+04,2.775947E-01,0.000000E+00,0.000000E+00,7.456541E-02,1.951492E+03,2.742798E-01,3.280917E+03,5.407805E+03,7.456541E-02,5.244939E+03,7.456541E-02,0.000000E+00,0.000000E+00,1.486499E-01,3.890397E+03,3.553302E-01,4.251054E+03,8.835110E+03,1.486499E-01,1.045605E+04,1.486499E-01,0.000000E+00,0.000000E+00
01:30:00,1.876610E-01,4.931178E+03,7.284341E-01,8.688963E+03,1.352416E+04,1.876610E-01,1.320009E+04,1.876610E-01,0.000000E+00,0.000000E+00,2.775947E-01,7.294370E+03,7.593434E-01,9.054838E+03,1.683573E+04,2.775947E-01,1.952604E+04,2.775947E-01,0.000000E+00,0.000000E+00,7.456541E-02,1.959359E+03,2.731460E-01,3.259507E+03,5.385028E+03,7.456541E-02,5.244939E+03,7.456541E-02,0.000000E+00,0.000000E+00,1.486499E-01,3.906081E+03,3.546488E-01,4.227238E+03,8.808205E+03,1.486499E-01,1.045605E+04,1.486499E-01,0.000000E+00,0.000000E+00
01:45:00,1.876610E-01,4.950978E+03,7.277864E-01,8.661432E+03,1.349717E+04,1.876610E-01,1.320009E+04,1.876610E-01,0.000000E+00,0.000000E+00,2.775947E-01,7.323659E+03,7.576907E-01,9.005820E+03,1.678224E+04,2.775947E-01,1.952604E+04,2.775947E-01,0.000000E+00,0.000000E+00,7.456541E-02,1.967227E+03,2.720891E-01,3.239016E+03,5.363231E+03,7.456541E-02,5.244939E+03,7.456541E-02,0.000000E+00,0.000000E+00,1.486499E-01,3.921765E+03,3.540078E-01,4.203906E+03,8.781882E+03,1.486499E-01,1.045605E+04,1.486499E-01,0.000000E+00,0.000000E+00
02:00:00,1.876610E-01,4.970778E+03,7.271716E-01,8.634294E+03,1.347105E+04,1.876610E-01,1.320009E+04,1.876610E-01,0.000000E+00,0.000000E+00,2.775947E-01,7.352948E+03,7.561446E-01,8.958074E+03,1.673030E+04,2.775947E-01,1.952604E+04,2.775947E-01,0.000000E+00,0.000000E+00,7.456541E-02,1.975094E+03,2.711037E-01,3.219379E+03,5.342368E+03,7.456541E-02,5.244939E+03,7.456541E-02,0.000000E+00,0.000000E+00,1.486499E-01,3.937449E+03,3.534067E-01,4.181049E+03,8.756210E+03,1.486499E-01,1.045605E+04,1.486499E-01,0.000000E+00,0.000000E+00
02:15:00,1.876610E-01,4.985628E+03,7.265806E-01,8.612389E+03,1.345062E+04,1.876610E-01,1.320009E+04,1.876610E-01,0.000000E+00,0.000000E+00,2.775947E-01,7.374915E+03,7.546683E-01,8.918483E+03,1.668687E+04,2.775947E-01,1.952604E+04,2.775947E-01,0.000000E+00,0.000000E+00,7.456541E-02,1.980995E+03,2.701667E-01,3.202287E+03,5.324126E+03,7.456541E-02,5.244939E+03,7.456541E-02,0.000000E+00,0.000000E+00,1.486499E-01,3.949212E+03,3.528328E-01,4.162437E+03,8.735004E+03,1.486499E-01,1.045605E+04,1.486499E-01,0.000000E+00,0.000000E+00
02:30:00,1.876610E-01,5.000479E+03,7.260131E-01,8.590764E+03,1.343073E+04,1.876610E-01,1.320009E+04,1.876610E-01,0.000000E+00,0.000000E+00,2.775947E-01,7.396882E+03,7.532606E-01,8.879713E+03,1.664436E+04,2.775947E-01,1.952604E+04,2.775947E-01,0.000000E+00,0.000000E+00,7.456541E-02,1.986895E+03,2.692750E-01,3.185736E+03,5.306442E+03,7.456541E-02,5.244939E+03,7.456541E-02,0.000000E+00,0.000000E+00,1.486499E-01,3.960975E+03,3.522853E-01,4.144141E+03,8.714191E+03,1.486499E-01,1.045605E+04,1.486499E-01,0.000000E+00,0.000000E+00
02:45:00,1.876610E-01,5.015329E+03,7.254686E-01,8.569414E+03,1.341130E+04,1.876610E-01,1.320009E+04,1.876610E-01,0.000000E+00,0.000000E+00,2.775947E-01,7.418849E+03,7.519206E-01,8.841750E+03,1.660275E+04,2.775947E-01,1.952604E+04,2.775947E-01,0.000000E+00,0.000000E+00,7.456541E-02,1.992796E+03,2.684262E-01,3.169697E+03,5.289290E+03,7.456541E-02,5.244939E+03,7.456541E-02,0.000000E+00,0.000000E+00,1.486499E-01,3.972738E+03,3.517638E-01,4.126154E+03,8.693761E+03,1.486499E-01,1.045605E+04,1.486499E-01,0.000000E+00,0.000000E+00
03:00:00,1.876610E-01,5.030179E+03,7.249467E-01,8.548334E+03,1.339230E+04,1.876610E-01,1.320009E+04,1.876610E-01,0.000000E+00,0.000000E+00,2.775947E-01,7.440816E+03,7.506472E-01,8.804581E+03,1.656211E+04,2.775947E-01,1.952604E+04,2.775947E-01,0.000000E+00,0.000000E+00,7.456541E-02,1.998696E+03,2.676184E-01,3.154149E+03,5.272666E+03,7.456541E-02,5.244939E+03,7.456541E-02,0.000000E+00,0.000000E+00,1.486499E-01,3.984502E+03,3.512676E-01,4.108470E+03,8.673743E+03,1.486499E-01,1.045605E+04,1.486499E-01,0.000000E+00,0.000000E+00
03:15:00,1.876610E-01,5.045029E+03,7.244378E-01,8.527410E+03,1.337357E+04,1.876610E-01,1.320009E+04,1.876610E-01,0.000000E+00,0.000000E+00,2.775947E-01,7.462782E+03,7.494036E-01,8.767769E+03,1.652184E+04,2.775947E-01,1.952604E+04,2.775947E-01,0.000000E+00,0.000000E+00,7.456541E-02,2.004597E+03,2.668316E-01,3.138850E+03,5.256274E+03,7.456541E-02,5.244939E+03,7.456541E-02,0.000000E+00,0.000000E+00,1.486499E-01,3.996265E+03,3.507840E-01,4.090935E+03,8.653900E+03,1.486499E-01,1.045605E+04,1.486499E-01,0.000000E+00,0.000000E+00
03:30:00,1.876610E-01,5.059879E+03,7.239413E-01,8.506632E+03,1.335508E+04,1.876610E-01,1.320009E+04,1.876610E-01,0.000000E+00,0.000000E+00,2.775947E-01,7.484749E+03,7.481881E-01,8.731292E+03,1.648197E+04,2.775947E-01,1.952604E+04,2.775947E-01,0.000000E+00,0.000000E+00,7.456541E-02,2.010497E+03,2.660643E-01,3.123785E+03,5.240109E+03,7.456541E-02,5.244939E+03,7.456541E-02,0.000000E+00,0.000000E+00,1.486499E-01,4.008028E+03,3.503122E-01,4.073542E+03,8.634238E+03,1.486499E-01,1.045605E+04,1.486499E-01,0.000000E+00,0.000000E+00
03:45:00,1.876610E-01,5.074729E+03,7.234562E-01,8.485991E+03,1.333679E+04,1.876610E-01,1.320009E+04,1.876610E-01,0.000000E+00,0.000000E+00,2.775947E-01,7.506716E+03,7.469990E-01,8.695131E+03,1.644246E+04,2.775947E-01,1.952604E+04,2.775947E-01,0.000000E+00,0.000000E+00,7.456541E-02,2.016398E+03,2.653153E-01,3.108938E+03,5.224167E+03,7.456541E-02,5.244939E+03,7.456541E-02,0.000000E+00,0.000000E+00,1.486499E-01,4.019791E+03,3.498514E-01,4.056281E+03,8.614749E+03,1.486499E-01,1.045605E+04,1.486499E-01,0.000000E+00,0.000000E+00
04:00:00,1.876610E-01,5.089579E+03,7.229819E-01,8.465478E+03,1.331869E+04,1.876610E-01,1.320009E+04,1.876610E-01,0.000000E+00,0.000000E+00,2.775947E-01,7.528683E+03,7.458348E-01,8.659267E+03,1.640330E+04,2.775947E-01,1.952604E+04,2.775947E-01,0.000000E+00,0.000000E+00,7.456541E-02,2.022298E+03,2.645837E-01,3.094300E+03,5.208442E+03,7.456541E-02,5.244939E+03,7.456541E-02,0.000000E+00,0.000000E+00,1.486499E-01,4.031554E+03,3.494010E-01,4.039143E+03,8.595420E+03,1.486499E-01,1.045605E+04,1.486499E-01,0.000000E+00,0.000000E+00
04:15:00,1.876610E-01,5.099479E+03,7.225267E-01,8.450144E+03,1.330594E+04,1.876610E-01,1.320009E+04,1.876610E-01,0.000000E+00,0.000000E+00,2.775947E-01,7.543327E+03,7.447291E-01,8.631423E+03,1.637258E+04,2.775947E-01,1.952604E+04,2.775947E-01,0.000000E+00,0.000000E+00,7.456541E-02,2.026232E+03,2.638870E-01,3.082045E+03,5.195226E+03,7.456541E-02,5.244939E+03,7.456541E-02,0.000000E+00,0.000000E+00,1.486499E-01,4.039396E+03,3.489721E-01,4.026183E+03,8.580511E+03,1.486499E-01,1.045605E+04,1.486499E-01,0.000000E+00,0.000000E+00
04:30:00,1.876610E-01,5.109379E+03,7.220902E-01,8.435034E+03,1.329343E+04,1.876610E-01,1.320009E+04,1.876610E-01,0.000000E+00,0.000000E+00,2.775947E-01,7.557972E+03,7.436812E-01,8.604270E+03,1.634264E+04,2.775947E-01,1.952604E+04,2.775947E-01,0.000000E+00,0.000000E+00,7.456541E-02,2.030166E+03,2.632236E-01,3.070187E+03,5.182453E+03,7.456541E-02,5.244939E+03,7.456541E-02,0.000000E+00,0.000000E+00,1.486499E-01,4.047238E+03,3.485644E-01,4.013476E+03,8.565922E+03,1.486499E-01,1.045605E+04,1.486499E-01,0.000000E+00,0.000000E+00
04:45:00,1.876610E-01,5.119279E+03,7.217115E-01,8.420613E+03,1.328172E+04,1.876610E-01,1.320009E+04,1.876610E-01,0.000000E+00,0.000000E+00,2.775947E-01,7.572616E+03,7.433325E-01,8.585460E+03,1.632494E+04,2.775947E-01,1.952604E+04,2.775947E-01,0.000000E+00,0.000000E+00,7.456541E-02,2.034100E+03,2.626592E-01,3.059513E+03,5.171172E+03,7.456541E-02,5.244939E+03,7.456541E-02,0.000000E+00,0.000000E+00,1.486499E-01,4.055080E+03,3.483770E-01,4.003397E+03,8.555912E+03,1.486499E-01,1.045605E+04,1.486499E-01,0.000000E+00,0.000000E+00
05:00:00,1.876610E-01,5.129180E+03,7.214330E-01,8.407387E+03,1.327124E+04,1.876610E-01,1.320009E+04,1.876610E-01,0.000000E+00,0.000000E+00,2.775947E-01,7.587261E+03,7.450064E-01,8.590787E+03,1.634028E+04,2.775947E-01,1.952604E+04,2.775947E-01,0.000000E+00,0.000000E+00,7.456541E-02,2.038033E+03,2.622529E-01,3.050725E+03,5.162218E+03,7.456541E-02,5.244939E+03,7.456541E-02,0.000000E+00,0.000000E+00,1.486499E-01,4.062922E+03,3.488413E-01,4.001090E+03,8.558430E+03,1.486499E-01,1.045605E+04,1.486499E-01,0.000000E+00,0.000000E+00
05:15:00,1.876610E-01,5.119279E+03,7.213285E-01,8.416038E+03,1.328313E+04,1.876610E-01,1.320009E+04,1.876610E-01,0.000000E+00,0.000000E+00,2.775947E-01,7.572616E+03,7.488519E-01,8.651312E+03,1.641481E+04,2.775947E-01,1.952604E+04,2.775947E-01,0.000000E+00,0.000000E+00,7.456541E-02,2.034100E+03,2.621036E-01,3.052876E+03,5.165075E+03,7.456541E-02,5.244939E+03,7.456541E-02,0.000000E+00,0.000000E+00,1.486499E-01,4.055080E+03,3.500366E-01,4.023184E+03,8.588222E+03,1.486499E-01,1.045605E+04,1.486499E-01,0.000000E+00,0.000000E+00
05:30:00,1.876610E-01,5.109379E+03,7.214464E-01,8.427344E+03,1.329766E+04,1.876610E-01,1.320009E+04,1.876610E-01,0.000000E+00,0.000000E+00,2.775947E-01,7.557972E+03,7.547100E-01,8.735852E+03,1.651553E+04,2.775947E-01,1.952604E+04,2.775947E-01,0.000000E+00,0.000000E+00,7.456541E-02,2.030166E+03,2.622652E-01,3.058738E+03,5.172338E+03,7.456541E-02,5.244939E+03,7.456541E-02,0.000000E+00,0.000000E+00,1.486499E-01,4.047238E+03,3.519181E-01,4.053462E+03,8.627866E+03,1.486499E-01,1.045605E+04,1.486499E-01,0.000000E+00,0.000000E+00
05:45:00,1.876610E-01,5.099479E+03,7.217718E-01,8.441126E+03,1.331452E+04,1.876610E-01,1.320009E+04,1.876610E-01,0.000000E+00,0.000000E+00,2.775947E-01,7.543327E+03,7.613139E-01,8.829293E+03,1.662437E+04,2.775947E-01,1.952604E+04,2.775947E-01,0.000000E+00,0.000000E+00,7.456541E-02,2.026232E+03,2.626856E-01,3.067692E+03,5.183066E+03,7.456541E-02,5.244939E+03,7.456541E-02,0.000000E+00,0.000000E+00,1.486499E-01,4.039396E+03,3.540815E-01,4.087103E+03,8.670706E+03,1.486499E-01,1.045605E+04,1.486499E-01,0.000000E+00,0.000000E+00
06:00:00,1.876610E-01,5.089579E+03,7.222725E-01,8.457001E+03,1.333329E+04,1.876610E-01,1.320009E+04,1.876610E-01,0.000000E+00,0.000000E+00,2.775947E-01,7.528683E+03,7.669376E-01,8.911047E+03,1.671727E+04,2.775947E-01,1.952604E+04,2.775947E-01,0.000000E+00,0.000000E+00,7.456541E-02,2.022298E+03,2.633145E-01,3.079135E+03,5.196527E+03,7.456541E-02,5.244939E+03,7.456541E-02,0.000000E+00,0.000000E+00,1.486499E-01,4.031554E+03,3.559516E-01,4.117250E+03,8.707681E+03,1.486499E-01,1.045605E+04,1.486499E-01,0.000000E+00,0.000000E+00
06:15:00,1.876610E-01,5.054929E+03,7.229121E-01,8.499284E+03,1.337872E+04,1.876610E-01,1.320009E+04,1.876610E-01,0.000000E+00,0.000000E+00,2.775947E-01,7.477427E+03,7.712884E-01,9.014239E+03,1.683013E+04,2.775947E-01,1.952604E+04,2.775947E-01,0.000000E+00,0.000000E+00,7.456541E-02,2.008530E+03,2.641606E-01,3.103006E+03,5.223038E+03,7.456541E-02,5.244939E+03,7.456541E-02,0.000000E+00,0.000000E+00,1.486499E-01,4.004107E+03,3.573870E-01,4.161824E+03,8.757851E+03,1.486499E-01,1.045605E+04,1.486499E-01,0.000000E+00,0.000000E+00
06:30:00,1.876610E-01,5.020279E+03,7.236559E-01,8.542773E+03,1.343658E+04,1.876610E-01,1.320009E+04,1.876610E-01,0.000000E+00,0.000000E+00,2.775947E-01,7.426171E+03,7.744902E-01,9.103727E+03,1.692717E+04,2.775947E-01,1.952604E+04,2.775947E-01,0.000000E+00,0.000000E+00,7.456541E-02,1.994763E+03,2.652672E-01,3.129988E+03,5.253132E+03,7.456541E-02,5.244939E+03,7.456541E-02,0.000000E+00,0.000000E+00,1.486499E-01,3.976660E+03,3.584026E-01,4.201397E+03,8.801469E+03,1.486499E-01,1.045605E+04,1.486499E-01,0.000000E+00,0.000000E+00
06:45:00,1.876610E-01,4.985628E+03,7.244660E-01,8.587044E+03,1.349685E+04,1.876610E-01,1.320009E+04,1.876610E-01,0.000000E+00,0.000000E+00,2.775947E-01,7.374915E+03,7.769084E-01,9.183867E+03,1.701273E+04,2.775947E-01,1.952604E+04,2.775947E-01,0.000000E+00,0.000000E+00,7.456541E-02,1.980995E+03,2.665951E-01,3.159613E+03,5.285996E+03,7.456541E-02,5.244939E+03,7.456541E-02,0.000000E+00,0.000000E+00,1.486499E-01,3.949212E+03,3.591083E-01,4.237273E+03,8.840031E+03,1.486499E-01,1.045605E+04,1.486499E-01,0.000000E+00,0.000000E+00
07:00:00,1.876610E-01,4.950978E+03,7.253286E-01,8.631937E+03,1.355309E+04,1.876610E-01,1.320009E+04,1.876610E-01,0.000000E+00,0.000000E+00,2.775947E-01,7.323659E+03,7.788820E-01,9.258698E+03,1.709236E+04,2.775947E-01,1.952604E+04,2.775947E-01,0.000000E+00,0.000000E+00,7.456541E-02,1.967227E+03,2.681239E-01,3.191638E+03,5.321405E+03,7.456541E-02,5.244939E+03,7.456541E-02,0.000000E+00,0.000000E+00,1.486499E-01,3.921765E+03,3.596235E-01,4.270877E+03,8.875837E+03,1.486499E-01,1.045605E+04,1.486499E-01,0.000000E+00,0.000000E+00
07:15:00,1.876610E-01,4.866828E+03,7.262887E-01,8.727491E+03,1.365575E+04,1.876610E-01,1.320009E+04,1.876610E-01,0.000000E+00,0.000000E+00,2.775947E-01,7.199181E+03,7.809488E-01,9.407858E+03,1.725006E+04,2.775947E-01,1.952604E+04,2.775947E-01,0.000000E+00,0.000000E+00,7.456541E-02,1.933790E+03,2.699529E-01,3.246917E+03,5.381237E+03,7.456541E-02,5.244939E+03,7.456541E-02,0.000000E+00,0.000000E+00,1.486499E-01,3.855108E+03,3.605511E-01,4.348606E+03,8.961512E+03,1.486499E-01,1.045605E+04,1.486499E-01,0.000000E+00,0.000000E+00
07:30:00,1.876610E-01,4.782677E+03,7.273330E-01,8.824047E+03,1.376167E+04,1.876610E-01,1.320009E+04,1.876610E-01,0.000000E+00,0.000000E+00,2.775947E-01,7.074702E+03,7.832922E-01,9.560311E+03,1.741141E+04,2.775947E-01,1.952604E+04,2.775947E-01,0.000000E+00,0.000000E+00,7.456541E-02,1.900354E+03,2.720354E-01,3.305222E+03,5.444335E+03,7.456541E-02,5.244939E+03,7.456541E-02,0.000000E+00,0.000000E+00,1.486499E-01,3.788451E+03,3.615835E-01,4.427578E+03,9.046168E+03,1.486499E-01,1.045605E+04,1.486499E-01,0.000000E+00,0.000000E+00
07:45:00,1.876610E-01,4.698526E+03,7.407810E-01,9.068695E+03,1.407029E+04,1.876610E-01,1.320009E+04,1.876610E-01,0.000000E+00,0.000000E+00,2.775947E-01,6.950224E+03,7.864490E-01,9.722465E+03,1.758441E+04,2.775947E-01,1.952604E+04,2.775947E-01,0.000000E+00,0.000000E+00,7.456541E-02,1.866917E+03,2.744532E-01,3.367533E+03,5.511823E+03,7.456541E-02,5.244939E+03,7.456541E-02,0.000000E+00,0.000000E+00,1.486499E-01,3.721793E+03,3.628963E-01,4.509893E+03,9.135065E+03,1.486499E-01,1.045605E+04,1.486499E-01,0.000000E+00,0.000000E+00
08:00:00,1.876610E-01,4.614376E+03,7.551641E-01,9.324492E+03,1.438940E+04,1.876610E-01,1.320009E+04,1.876610E-01,0.000000E+00,0.000000E+00,2.775947E-01,6.825745E+03,7.905703E-01,9.896125E+03,1.777097E+04,2.775947E-01,1.952604E+04,2.775947E-01,0.000000E+00,0.000000E+00,7.456541E-02,1.833481E+03,2.773436E-01,3.435487E+03,5.585872E+03,7.456541E-02,5.244939E+03,7.456541E-02,0.000000E+00,0.000000E+00,1.486499E-01,3.655136E+03,3.645394E-01,4.596145E+03,9.230406E+03,1.486499E-01,1.045605E+04,1.486499E-01,0.000000E+00,0.000000E+00
08:15:00,1.876610E-01,4.520325E+03,7.590857E-01,9.465283E+03,1.453985E+04,1.876610E-01,1.320009E+04,1.876610E-01,0.000000E+00,0.000000E+00,2.775947E-01,6.686622E+03,7.952846E-01,1.009150E+04,1.798006E+04,2.775947E-01,1.952604E+04,2.775947E-01,0.000000E+00,0.000000E+00,7.456541E-02,1.796110E+03,2.806366E-01,3.512182E+03,5.669276E+03,7.456541E-02,5.244939E+03,7.456541E-02,0.000000E+00,0.000000E+00,1.486499E-01,3.580637E+03,3.699774E-01,4.735505E+03,9.413240E+03,1.486499E-01,1.045605E+04,1.486499E-01,0.000000E+00,0.000000E+00
08:30:00,1.876610E-01,4.426275E+03,7.629224E-01,9.605114E+03,1.468586E+04,1.876610E-01,1.320009E+04,1.876610E-01,0.000000E+00,0.000000E+00,2.775947E-01,6.547499E+03,8.004172E-01,1.029187E+04,1.819457E+04,2.775947E-01,1.952604E+04,2.775947E-01,0.000000E+00,0.000000E+00,7.456541E-02,1.758740E+03,2.843952E-01,3.594438E+03,5.758794E+03,7.456541E-02,5.244939E+03,7.456541E-02,0.000000E+00,0.000000E+00,1.486499E-01,3.506137E+03,3.757675E-01,4.879033E+03,9.574702E+03,1.486499E-01,1.045605E+04,1.486499E-01,0.000000E+00,0.000000E+00
08:45:00,1.876610E-01,4.332224E+03,7.669714E-01,9.747489E+03,1.483348E+04,1.876610E-01,1.320009E+04,1.876610E-01,0.000000E+00,0.000000E+00,2.775947E-01,6.408376E+03,8.056668E-01,1.049365E+04,1.841028E+04,2.775947E-01,1.952604E+04,2.775947E-01,0.000000E+00,0.000000E+00,7.456541E-02,1.721370E+03,2.886691E-01,3.682848E+03,5.855055E+03,7.456541E-02,5.244939E+03,7.456541E-02,0.000000E+00,0.000000E+00,1.486499E-01,3.431638E+03,3.817254E-01,5.024568E+03,9.734206E+03,1.486499E-01,1.045605E+04,1.486499E-01,0.000000E+00,0.000000E+00
09:00:00,1.876610E-01,4.238173E+03,7.713257E-01,9.893515E+03,1.498495E+04,1.876610E-01,1.320009E+04,1.876610E-01,0.000000E+00,0.000000E+00,2.775947E-01,6.269253E+03,8.110886E-01,1.069748E+04,1.862880E+04,2.775947E-01,1.952604E+04,2.775947E-01,0.000000E+00,0.000000E+00,7.456541E-02,1.684000E+03,2.934498E-01,3.777311E+03,5.957849E+03,7.456541E-02,5.244939E+03,7.456541E-02,0.000000E+00,0.000000E+00,1.486499E-01,3.357139E+03,3.878405E-01,5.171990E+03,9.907733E+03,1.486499E-01,1.045605E+04,1.486499E-01,0.000000E+00,0.000000E+00
09:15:00,1.876610E-01,4.154023E+03,7.709322E-01,9.972962E+03,1.504796E+04,1.876610E-01,1.320009E+04,1.876610E-01,0.000000E+00,0.000000E+00,2.775947E-01,6.144775E+03,8.163965E-01,1.088530E+04,1.882963E+04,2.775947E-01,1.952604E+04,2.775947E-01,0.000000E+00,0.000000E+00,7.456541E-02,1.650563E+03,2.985842E-01,3.872064E+03,6.060693E+03,7.456541E-02,5.244939E+03,7.456541E-02,0.000000E+00,0.000000E+00,1.486499E-01,3.290481E+03,3.900100E-01,5.264520E+03,1.000337E+04,1.486499E-01,1.045605E+04,1.486499E-01,0.000000E+00,0.000000E+00
09:30:00,1.876610E-01,4.069872E+03,7.703784E-01,1.005052E+04,1.512798E+04,1.876610E-01,1.320009E+04,1.876610E-01,0.000000E+00,0.000000E+00,2.775947E-01,6.020296E+03,8.215668E-01,1.107149E+04,1.902833E+04,2.775947E-01,1.952604E+04,2.775947E-01,0.000000E+00,0.000000E+00,7.456541E-02,1.617127E+03,3.039948E-01,3.970116E+03,6.166603E+03,7.456541E-02,5.244939E+03,7.456541E-02,0.000000E+00,0.000000E+00,1.486499E-01,3.223824E+03,3.919937E-01,5.354879E+03,1.010129E+04,1.486499E-01,1.045605E+04,1.486499E-01,0.000000E+00,0.000000E+00
09:45:00,1.876610E-01,3.985721E+03,7.697376E-01,1.012704E+04,1.521008E+04,1.876610E-01,1.320009E+04,1.876610E-01,0.000000E+00,0.000000E+00,2.775947E-01,5.895818E+03,8.265881E-01,1.125591E+04,1.922527E+04,2.775947E-01,1.952604E+04,2.775947E-01,0.000000E+00,0.000000E+00,7.456541E-02,1.583690E+03,3.096118E-01,4.070634E+03,6.274717E+03,7.456541E-02,5.244939E+03,7.456541E-02,0.000000E+00,0.000000E+00,1.486499E-01,3.157167E+03,3.938830E-01,5.444110E+03,1.019897E+04,1.486499E-01,1.045605E+04,1.486499E-01,0.000000E+00,0.000000E+00
10:00:00,1.876610E-01,3.901571E+03,7.690088E-01,1.020250E+04,1.528317E+04,1.876610E-01,1.320009E+04,1.876610E-01,0.000000E+00,0.000000E+00,2.775947E-01,5.771339E+03,8.312818E-01,1.143641E+04,1.941729E+04,2.775947E-01,1.952604E+04,2.775947E-01,0.000000E+00,0.000000E+00,7.456541E-02,1.550254E+03,3.153441E-01,4.172529E+03,6.383781E+03,7.456541E-02,5.244939E+03,7.456541E-02,0.000000E+00,0.000000E+00,1.486499E-01,3.090509E+03,3.956524E-01,5.531898E+03,1.029425E+04,1.486499E-01,1.045605E+04,1.486499E-01,0.000000E+00,0.000000E+00
10:15:00,1.876610E-01,3.827320E+03,7.731518E-01,1.032621E+04,1.541928E+04,1.876610E-01,1.320009E+04,1.876610E-01,0.000000E+00,0.000000E+00,2.775947E-01,5.661505E+03,8.357648E-01,1.159976E+04,1.959119E+04,2.775947E-01,1.952604E+04,2.775947E-01,0.000000E+00,0.000000E+00,7.456541E-02,1.520751E+03,3.211536E-01,4.271415E+03,6.489304E+03,7.456541E-02,5.244939E+03,7.456541E-02,0.000000E+00,0.000000E+00,1.486499E-01,3.031694E+03,3.950625E-01,5.583691E+03,1.033343E+04,1.486499E-01,1.045605E+04,1.486499E-01,0.000000E+00,0.000000E+00
10:30:00,1.876610E-01,3.753070E+03,7.774769E-01,1.045208E+04,1.555334E+04,1.876610E-01,1.320009E+04,1.876610E-01,0.000000E+00,0.000000E+00,2.775947E-01,5.551671E+03,8.400504E-01,1.176075E+04,1.976241E+04,2.775947E-01,1.952604E+04,2.775947E-01,0.000000E+00,0.000000E+00,7.456541E-02,1.491248E+03,3.269901E-01,4.370623E+03,6.594751E+03,7.456541E-02,5.244939E+03,7.456541E-02,0.000000E+00,0.000000E+00,1.486499E-01,2.972879E+03,3.942875E-01,5.633290E+03,1.038531E+04,1.486499E-01,1.045605E+04,1.486499E-01,0.000000E+00,0.000000E+00
10:45:00,1.876610E-01,3.678819E+03,7.818305E-01,1.057828E+04,1.568569E+04,1.876610E-01,1.320009E+04,1.876610E-01,0.000000E+00,0.000000E+00,2.775947E-01,5.441837E+03,8.441371E-01,1.191936E+04,1.993091E+04,2.775947E-01,1.952604E+04,2.775947E-01,0.000000E+00,0.000000E+00,7.456541E-02,1.461746E+03,3.327807E-01,4.469285E+03,6.699199E+03,7.456541E-02,5.244939E+03,7.456541E-02,0.000000E+00,0.000000E+00,1.486499E-01,2.914064E+03,3.933912E-01,5.681437E+03,1.043698E+04,1.486499E-01,1.045605E+04,1.486499E-01,0.000000E+00,0.000000E+00
11:00:00,1.876610E-01,3.604569E+03,7.861274E-01,1.070382E+04,1.581659E+04,1.876610E-01,1.320009E+04,1.876610E-01,0.000000E+00,0.000000E+00,2.775947E-01,5.332003E+03,8.480242E-01,1.207560E+04,2.009653E+04,2.775947E-01,1.952604E+04,2.775947E-01,0.000000E+00,0.000000E+00,7.456541E-02,1.432243E+03,3.384455E-01,4.566444E+03,6.801603E+03,7.456541E-02,5.244939E+03,7.456541E-02,0.000000E+00,0.000000E+00,1.486499E-01,2.855248E+03,3.923981E-01,5.728422E+03,1.048000E+04,1.486499E-01,1.045605E+04,1.486499E-01,0.000000E+00,0.000000E+00
11:15:00,1.876610E-01,3.555068E+03,7.848066E-01,1.073755E+04,1.582941E+04,1.876610E-01,1.320009E+04,1.876610E-01,0.000000E+00,0.000000E+00,2.775947E-01,5.258781E+03,8.515996E-01,1.219150E+04,2.021979E+04,2.775947E-01,1.952604E+04,2.775947E-01,0.000000E+00,0.000000E+00,7.456541E-02,1.412574E+03,3.438386E-01,4.650525E+03,6.889895E+03,7.456541E-02,5.244939E+03,7.456541E-02,0.000000E+00,0.000000E+00,1.486499E-01,2.816038E+03,3.935727E-01,5.781651E+03,1.054072E+04,1.486499E-01,1.045605E+04,1.486499E-01,0.000000E+00,0.000000E+00
11:30:00,1.876610E-01,3.505568E+03,7.831242E-01,1.076699E+04,1.580855E+04,1.876610E-01,1.320009E+04,1.876610E-01,0.000000E+00,0.000000E+00,2.775947E-01,5.185558E+03,8.548645E-01,1.230370E+04,2.033905E+04,2.775947E-01,1.952604E+04,2.775947E-01,0.000000E+00,0.000000E+00,7.456541E-02,1.392906E+03,3.488795E-01,4.730401E+03,6.973337E+03,7.456541E-02,5.244939E+03,7.456541E-02,0.000000E+00,0.000000E+00,1.486499E-01,2.776828E+03,3.947596E-01,5.835005E+03,1.059901E+04,1.486499E-01,1.045605E+04,1.486499E-01,0.000000E+00,0.000000E+00
11:45:00,1.876610E-01,3.456068E+03,7.810934E-01,1.079228E+04,1.577991E+04,1.876610E-01,1.320009E+04,1.876610E-01,0.000000E+00,0.000000E+00,2.775947E-01,5.112335E+03,8.578214E-01,1.241222E+04,2.045437E+04,2.775947E-01,1.952604E+04,2.775947E-01,0.000000E+00,0.000000E+00,7.456541E-02,1.373237E+03,3.535051E-01,4.805317E+03,7.051273E+03,7.456541E-02,5.244939E+03,7.456541E-02,0.000000E+00,0.000000E+00,1.486499E-01,2.737618E+03,3.959041E-01,5.887855E+03,1.065625E+04,1.486499E-01,1.045605E+04,1.486499E-01,0.000000E+00,0.000000E+00
12:00:00,1.876610E-01,3.406567E+03,7.787013E-01,1.081326E+04,1.575916E+04,1.876610E-01,1.320009E+04,1.876610E-01,0.000000E+00,0.000000E+00,2.775947E-01,5.039113E+03,8.604740E-01,1.251711E+04,2.056537E+04,2.775947E-01,1.952604E+04,2.775947E-01,0.000000E+00,0.000000E+00,7.456541E-02,1.353569E+03,3.576635E-01,4.874655E+03,7.123033E+03,7.456541E-02,5.244939E+03,7.456541E-02,0.000000E+00,0.000000E+00,1.486499E-01,2.698408E+03,3.969874E-01,5.939981E+03,1.071271E+04,1.486499E-01,1.045605E+04,1.486499E-01,0.000000E+00,0.000000E+00
12:15:00,1.876610E-01,3.366967E+03,7.717753E-01,1.077022E+04,1.567253E+04,1.876610E-01,1.320009E+04,1.876610E-01,0.000000E+00,0.000000E+00,2.775947E-01,4.980535E+03,8.629400E-01,1.260513E+04,2.065871E+04,2.775947E-01,1.952604E+04,2.775947E-01,0.000000E+00,0.000000E+00,7.456541E-02,1.337834E+03,3.613617E-01,4.934563E+03,7.184754E+03,7.456541E-02,5.244939E+03,7.456541E-02,0.000000E+00,0.000000E+00,1.486499E-01,2.667039E+03,3.963209E-01,5.963400E+03,1.072593E+04,1.486499E-01,1.045605E+04,1.486499E-01,0.000000E+00,0.000000E+00
12:30:00,1.876610E-01,3.327367E+03,7.734954E-01,1.083042E+04,1.570771E+04,1.876610E-01,1.320009E+04,1.876610E-01,0.000000E+00,0.000000E+00,2.775947E-01,4.921957E+03,8.652271E-01,1.269101E+04,2.074969E+04,2.775947E-01,1.952604E+04,2.775947E-01,0.000000E+00,0.000000E+00,7.456541E-02,1.322099E+03,3.645420E-01,4.988287E+03,7.239753E+03,7.456541E-02,5.244939E+03,7.456541E-02,0.000000E+00,0.000000E+00,1.486499E-01,2.635671E+03,3.955219E-01,5.985255E+03,1.074881E+04,1.486499E-01,1.045605E+04,1.486499E-01,0.000000E+00,0.000000E+00
12:45:00,1.876610E-01,3.287766E+03,7.750077E-01,1.088813E+04,1.573688E+04,1.876610E-01,1.320009E+04,1.876610E-01,0.000000E+00,0.000000E+00,2.775947E-01,4.863378E+03,8.673481E-01,1.277491E+04,2.083851E+04,2.775947E-01,1.952604E+04,2.775947E-01,0.000000E+00,0.000000E+00,7.456541E-02,1.306364E+03,3.671769E-01,5.035496E+03,7.287780E+03,7.456541E-02,5.244939E+03,7.456541E-02,0.000000E+00,0.000000E+00,1.486499E-01,2.604303E+03,3.946349E-01,6.006059E+03,1.077144E+04,1.486499E-01,1.045605E+04,1.486499E-01,0.000000E+00,0.000000E+00
13:00:00,1.876610E-01,3.248166E+03,7.763064E-01,1.094329E+04,1.576889E+04,1.876610E-01,1.320009E+04,1.876610E-01,0.000000E+00,0.000000E+00,2.775947E-01,4.804800E+03,8.693161E-01,1.285698E+04,2.092519E+04,2.775947E-01,1.952604E+04,2.775947E-01,0.000000E+00,0.000000E+00,7.456541E-02,1.290630E+03,3.692573E-01,5.076083E+03,7.328737E+03,7.456541E-02,5.244939E+03,7.456541E-02,0.000000E+00,0.000000E+00,1.486499E-01,2.572935E+03,3.936760E-01,6.025999E+03,1.078745E+04,1.486499E-01,1.045605E+04,1.486499E-01,0.000000E+00,0.000000E+00
13:15:00,1.876610E-01,3.223416E+03,7.773804E-01,1.098092E+04,1.579060E+04,1.876610E-01,1.320009E+04,1.876610E-01,0.000000E+00,0.000000E+00,2.775947E-01,4.768189E+03,8.711144E-01,1.291506E+04,2.098680E+04,2.775947E-01,1.952604E+04,2.775947E-01,0.000000E+00,0.000000E+00,7.456541E-02,1.280795E+03,3.708093E-01,5.104459E+03,7.356942E+03,7.456541E-02,5.244939E+03,7.456541E-02,0.000000E+00,0.000000E+00,1.486499E-01,2.553330E+03,3.983702E-01,6.101605E+03,1.090164E+04,1.486499E-01,1.045605E+04,1.486499E-01,0.000000E+00,0.000000E+00
13:30:00,1.876610E-01,3.198666E+03,7.782269E-01,1.101578E+04,1.587627E+04,1.876610E-01,1.320009E+04,1.876610E-01,0.000000E+00,0.000000E+00,2.775947E-01,4.731578E+03,8.727542E-01,1.297125E+04,2.104641E+04,2.775947E-01,1.952604E+04,2.775947E-01,0.000000E+00,0.000000E+00,7.456541E-02,1.270961E+03,3.719141E-01,5.127493E+03,7.379633E+03,7.456541E-02,5.244939E+03,7.456541E-02,0.000000E+00,0.000000E+00,1.486499E-01,2.533725E+03,4.033156E-01,6.180154E+03,1.098992E+04,1.486499E-01,1.045605E+04,1.486499E-01,0.000000E+00,0.000000E+00
13:45:00,1.876610E-01,3.173916E+03,7.951169E-01,1.124220E+04,1.622539E+04,1.876610E-01,1.320009E+04,1.876610E-01,0.000000E+00,0.000000E+00,2.775947E-01,4.694966E+03,8.742389E-01,1.302558E+04,2.110408E+04,2.775947E-01,1.952604E+04,2.775947E-01,0.000000E+00,0.000000E+00,7.456541E-02,1.261127E+03,3.725808E-01,5.145294E+03,7.396827E+03,7.456541E-02,5.244939E+03,7.456541E-02,0.000000E+00,0.000000E+00,1.486499E-01,2.514120E+03,4.083567E-01,6.259848E+03,1.107584E+04,1.486499E-01,1.045605E+04,1.486499E-01,0.000000E+00,0.000000E+00
14:00:00,1.876610E-01,3.149165E+03,8.122278E-01,1.147121E+04,1.657284E+04,1.876610E-01,1.320009E+04,1.876610E-01,0.000000E+00,0.000000E+00,2.775947E-01,4.658355E+03,8.755662E-01,1.307804E+04,2.115951E+04,2.775947E-01,1.952604E+04,2.775947E-01,0.000000E+00,0.000000E+00,7.456541E-02,1.251292E+03,3.727951E-01,5.157692E+03,7.408233E+03,7.456541E-02,5.244939E+03,7.456541E-02,0.000000E+00,0.000000E+00,1.486499E-01,2.494515E+03,4.134342E-01,6.339995E+03,1.117492E+04,1.486499E-01,1.045605E+04,1.486499E-01,0.000000E+00,0.000000E+00
14:15:00,1.876610E-01,3.149165E+03,8.133379E-01,1.148436E+04,1.661389E+04,1.876610E-01,1.320009E+04,1.876610E-01,0.000000E+00,0.000000E+00,2.775947E-01,4.658355E+03,8.766449E-01,1.309092E+04,2.117356E+04,2.775947E-01,1.952604E+04,2.775947E-01,0.000000E+00,0.000000E+00,7.456541E-02,1.251292E+03,3.724802E-01,5.153935E+03,7.402685E+03,7.456541E-02,5.244939E+03,7.456541E-02,0.000000E+00,0.000000E+00,1.486499E-01,2.494515E+03,4.144770E-01,6.352427E+03,1.118540E+04,1.486499E-01,1.045605E+04,1.486499E-01,0.000000E+00,0.000000E+00
14:30:00,1.876610E-01,3.149165E+03,8.136277E-01,1.148773E+04,1.662433E+04,1.876610E-01,1.320009E+04,1.876610E-01,0.000000E+00,0.000000E+00,2.775947E-01,4.658355E+03,8.774564E-01,1.310061E+04,2.118424E+04,2.775947E-01,1.952604E+04,2.775947E-01,0.000000E+00,0.000000E+00,7.456541E-02,1.251292E+03,3.715988E-01,5.143413E+03,7.389910E+03,7.456541E-02,5.244939E+03,7.456541E-02,0.000000E+00,0.000000E+00,1.486499E-01,2.494515E+03,4.152430E-01,6.361603E+03,1.119668E+04,1.486499E-01,1.045605E+04,1.486499E-01,0.000000E+00,0.000000E+00
14:45:00,1.876610E-01,3.149165E+03,8.133814E-01,1.148472E+04,1.662142E+04,1.876610E-01,1.320009E+04,1.876610E-01,0.000000E+00,0.000000E+00,2.775947E-01,4.658355E+03,8.779795E-01,1.310686E+04,2.119127E+04,2.775947E-01,1.952604E+04,2.775947E-01,0.000000E+00,0.000000E+00,7.456541E-02,1.251292E+03,3.701746E-01,5.126407E+03,7.370296E+03,7.456541E-02,5.244939E+03,7.456541E-02,0.000000E+00,0.000000E+00,1.486499E-01,2.494515E+03,4.158214E-01,6.368541E+03,1.120596E+04,1.486499E-01,1.045605E+04,1.486499E-01,0.000000E+00,0.000000E+00
15:00:00,1.876610E-01,3.149165E+03,8.126923E-01,1.147646E+04,1.661219E+04,1.876610E-01,1.320009E+04,1.876610E-01,0.000000E+00,0.000000E+00,2.775947E-01,4.658355E+03,8.781934E-01,1.310941E+04,2.119394E+04,2.775947E-01,1.952604E+04,2.775947E-01,0.000000E+00,0.000000E+00,7.456541E-02,1.251292E+03,3.682618E-01,5.103567E+03,7.344498E+03,7.456541E-02,5.244939E+03,7.456541E-02,0.000000E+00,0.000000E+00,1.486499E-01,2.494515E+03,4.162359E-01,6.373508E+03,1.121212E+04,1.486499E-01,1.045605E+04,1.486499E-01,0.000000E+00,0.000000E+00
15:15:00,1.876610E-01,3.178866E+03,8.115958E-01,1.143366E+04,1.656783E+04,1.876610E-01,1.320009E+04,1.876610E-01,0.000000E+00,0.000000E+00,2.775947E-01,4.702289E+03,8.778582E-01,1.306149E+04,2.114295E+04,2.775947E-01,1.952604E+04,2.775947E-01,0.000000E+00,0.000000E+00,7.456541E-02,1.263094E+03,3.658784E-01,5.063304E+03,7.300532E+03,7.456541E-02,5.244939E+03,7.456541E-02,0.000000E+00,0.000000E+00,1.486499E-01,2.518041E+03,4.141260E-01,6.324826E+03,1.114403E+04,1.486499E-01,1.045605E+04,1.486499E-01,0.000000E+00,0.000000E+00
15:30:00,1.876610E-01,3.208566E+03,8.101639E-01,1.138686E+04,1.651955E+04,1.876610E-01,1.320009E+04,1.876610E-01,0.000000E+00,0.000000E+00,2.775947E-01,4.746222E+03,8.770893E-01,1.300838E+04,2.108710E+04,2.775947E-01,1.952604E+04,2.775947E-01,0.000000E+00,0.000000E+00,7.456541E-02,1.274895E+03,3.631207E-01,5.018570E+03,7.251997E+03,7.456541E-02,5.244939E+03,7.456541E-02,0.000000E+00,0.000000E+00,1.486499E-01,2.541567E+03,4.117026E-01,6.272421E+03,1.108732E+04,1.486499E-01,1.045605E+04,1.486499E-01,0.000000E+00,0.000000E+00
15:45:00,1.876610E-01,3.238266E+03,8.084648E-01,1.133688E+04,1.646777E+04,1.876610E-01,1.320009E+04,1.876610E-01,0.000000E+00,0.000000E+00,2.775947E-01,4.790156E+03,8.758916E-01,1.295016E+04,2.102590E+04,2.775947E-01,1.952604E+04,2.775947E-01,0.000000E+00,0.000000E+00,7.456541E-02,1.286696E+03,3.600818E-01,4.970479E+03,7.200127E+03,7.456541E-02,5.244939E+03,7.456541E-02,0.000000E+00,0.000000E+00,1.486499E-01,2.565093E+03,4.090341E-01,6.217085E+03,1.102837E+04,1.486499E-01,1.045605E+04,1.486499E-01,0.000000E+00,0.000000E+00
16:00:00,1.876610E-01,3.267966E+03,8.065675E-01,1.128454E+04,1.641315E+04,1.876610E-01,1.320009E+04,1.876610E-01,0.000000E+00,0.000000E+00,2.775947E-01,4.834089E+03,8.742535E-01,1.288668E+04,2.095811E+04,2.775947E-01,1.952604E+04,2.775947E-01,0.000000E+00,0.000000E+00,7.456541E-02,1.298497E+03,3.568604E-01,4.920206E+03,7.146068E+03,7.456541E-02,5.244939E+03,7.456541E-02,0.000000E+00,0.000000E+00,1.486499E-01,2.588619E+03,4.061427E-01,6.159083E+03,1.095828E+04,1.486499E-01,1.045605E+04,1.486499E-01,0.000000E+00,0.000000E+00
16:15:00,1.876610E-01,3.307567E+03,8.095994E-01,1.128114E+04,1.642937E+04,1.876610E-01,1.320009E+04,1.876610E-01,0.000000E+00,0.000000E+00,2.775947E-01,4.892668E+03,8.724975E-01,1.280715E+04,2.087381E+04,2.775947E-01,1.952604E+04,2.775947E-01,0.000000E+00,0.000000E+00,7.456541E-02,1.314232E+03,3.537096E-01,4.866843E+03,7.089275E+03,7.456541E-02,5.244939E+03,7.456541E-02,0.000000E+00,0.000000E+00,1.486499E-01,2.619987E+03,4.054457E-01,6.119409E+03,1.091805E+04,1.486499E-01,1.045605E+04,1.486499E-01,0.000000E+00,0.000000E+00
16:30:00,1.876610E-01,3.347167E+03,8.129707E-01,1.128176E+04,1.643006E+04,1.876610E-01,1.320009E+04,1.876610E-01,0.000000E+00,0.000000E+00,2.775947E-01,4.951246E+03,8.706928E-01,1.272704E+04,2.078951E+04,2.775947E-01,1.952604E+04,2.775947E-01,0.000000E+00,0.000000E+00,7.456541E-02,1.329967E+03,3.507800E-01,4.816119E+03,7.035764E+03,7.456541E-02,5.244939E+03,7.456541E-02,0.000000E+00,0.000000E+00,1.486499E-01,2.651355E+03,4.048096E-01,6.080437E+03,1.087650E+04,1.486499E-01,1.045605E+04,1.486499E-01,0.000000E+00,0.000000E+00
16:45:00,1.876610E-01,3.386767E+03,8.165621E-01,1.128502E+04,1.642887E+04,1.876610E-01,1.320009E+04,1.876610E-01,0.000000E+00,0.000000E+00,2.775947E-01,5.009824E+03,8.691782E-01,1.265039E+04,2.071013E+04,2.775947E-01,1.952604E+04,2.775947E-01,0.000000E+00,0.000000E+00,7.456541E-02,1.345701E+03,3.480787E-01,4.768123E+03,6.985282E+03,7.456541E-02,5.244939E+03,7.456541E-02,0.000000E+00,0.000000E+00,1.486499E-01,2.682723E+03,4.042907E-01,6.042862E+03,1.083677E+04,1.486499E-01,1.045605E+04,1.486499E-01,0.000000E+00,0.000000E+00
17:00:00,1.876610E-01,3.426367E+03,8.203150E-01,1.129021E+04,1.643730E+04,1.876610E-01,1.320009E+04,1.876610E-01,0.000000E+00,0.000000E+00,2.775947E-01,5.068402E+03,8.682326E-01,1.258052E+04,2.063858E+04,2.775947E-01,1.952604E+04,2.775947E-01,0.000000E+00,0.000000E+00,7.456541E-02,1.361436E+03,3.455585E-01,4.722287E+03,6.937057E+03,7.456541E-02,5.244939E+03,7.456541E-02,0.000000E+00,0.000000E+00,1.486499E-01,2.714092E+03,4.039655E-01,6.007605E+03,1.080030E+04,1.486499E-01,1.045605E+04,1.486499E-01,0.000000E+00,0.000000E+00
17:15:00,1.876610E-01,3.475868E+03,8.141755E-01,1.116741E+04,1.628675E+04,1.876610E-01,1.320009E+04,1.876610E-01,0.000000E+00,0.000000E+00,2.775947E-01,5.141625E+03,8.680542E-01,1.250516E+04,2.056222E+04,2.775947E-01,1.952604E+04,2.775947E-01,0.000000E+00,0.000000E+00,7.456541E-02,1.381105E+03,3.431003E-01,4.673259E+03,6.885445E+03,7.456541E-02,5.244939E+03,7.456541E-02,0.000000E+00,0.000000E+00,1.486499E-01,2.753302E+03,4.038978E-01,5.967581E+03,1.075973E+04,1.486499E-01,1.045605E+04,1.486499E-01,0.000000E+00,0.000000E+00
17:30:00,1.876610E-01,3.525368E+03,8.073762E-01,1.103678E+04,1.615073E+04,1.876610E-01,1.320009E+04,1.876610E-01,0.000000E+00,0.000000E+00,2.775947E-01,5.214847E+03,8.685038E-01,1.243730E+04,2.049420E+04,2.775947E-01,1.952604E+04,2.775947E-01,0.000000E+00,0.000000E+00,7.456541E-02,1.400773E+03,3.405308E-01,4.622901E+03,6.832136E+03,7.456541E-02,5.244939E+03,7.456541E-02,0.000000E+00,0.000000E+00,1.486499E-01,2.792512E+03,4.040449E-01,5.930120E+03,1.072229E+04,1.486499E-01,1.045605E+04,1.486499E-01,0.000000E+00,0.000000E+00
17:45:00,1.876610E-01,3.574868E+03,8.001224E-01,1.090072E+04,1.601213E+04,1.876610E-01,1.320009E+04,1.876610E-01,0.000000E+00,0.000000E+00,2.775947E-01,5.288070E+03,8.689955E-01,1.236993E+04,2.042567E+04,2.775947E-01,1.952604E+04,2.775947E-01,0.000000E+00,0.000000E+00,7.456541E-02,1.420442E+03,3.377727E-01,4.570292E+03,6.776133E+03,7.456541E-02,5.244939E+03,7.456541E-02,0.000000E+00,0.000000E+00,1.486499E-01,2.831722E+03,4.042182E-01,5.892974E+03,1.068460E+04,1.486499E-01,1.045605E+04,1.486499E-01,0.000000E+00,0.000000E+00
18:00:00,1.876610E-01,3.624369E+03,7.925386E-01,1.076071E+04,1.586079E+04,1.876610E-01,1.320009E+04,1.876610E-01,0.000000E+00,0.000000E+00,2.775947E-01,5.361292E+03,8.692511E-01,1.229976E+04,2.035408E+04,2.775947E-01,1.952604E+04,2.775947E-01,0.000000E+00,0.000000E+00,7.456541E-02,1.440110E+03,3.348884E-01,4.516175E+03,6.718513E+03,7.456541E-02,5.244939E+03,7.456541E-02,0.000000E+00,0.000000E+00,1.486499E-01,2.870932E+03,4.043256E-01,5.855043E+03,1.064590E+04,1.486499E-01,1.045605E+04,1.486499E-01,0.000000E+00,0.000000E+00
18:15:00,1.876610E-01,3.698619E+03,7.896731E-01,1.065226E+04,1.575387E+04,1.876610E-01,1.320009E+04,1.876610E-01,0.000000E+00,0.000000E+00,2.775947E-01,5.471126E+03,8.686843E-01,1.218316E+04,2.023264E+04,2.775947E-01,1.952604E+04,2.775947E-01,0.000000E+00,0.000000E+00,7.456541E-02,1.469613E+03,3.318548E-01,4.450442E+03,6.648760E+03,7.456541E-02,5.244939E+03,7.456541E-02,0.000000E+00,0.000000E+00,1.486499E-01,2.929748E+03,4.024479E-01,5.773831E+03,1.054780E+04,1.486499E-01,1.045605E+04,1.486499E-01,0.000000E+00,0.000000E+00
18:30:00,1.876610E-01,3.772870E+03,7.869295E-01,1.054525E+04,1.564472E+04,1.876610E-01,1.320009E+04,1.876610E-01,0.000000E+00,0.000000E+00,2.775947E-01,5.580960E+03,8.667849E-01,1.205067E+04,2.009197E+04,2.775947E-01,1.952604E+04,2.775947E-01,0.000000E+00,0.000000E+00,7.456541E-02,1.499116E+03,3.287038E-01,4.383307E+03,6.577456E+03,7.456541E-02,5.244939E+03,7.456541E-02,0.000000E+00,0.000000E+00,1.486499E-01,2.988563E+03,4.000400E-01,5.686312E+03,1.045276E+04,1.486499E-01,1.045605E+04,1.486499E-01,0.000000E+00,0.000000E+00
18:45:00,1.876610E-01,3.847120E+03,7.842276E-01,1.043873E+04,1.553467E+04,1.876610E-01,1.320009E+04,1.876610E-01,0.000000E+00,0.000000E+00,2.775947E-01,5.690794E+03,8.629003E-01,1.189449E+04,1.992263E+04,2.775947E-01,1.952604E+04,2.775947E-01,0.000000E+00,0.000000E+00,7.456541E-02,1.528619E+03,3.254826E-01,4.315333E+03,6.505302E+03,7.456541E-02,5.244939E+03,7.456541E-02,0.000000E+00,0.000000E+00,1.486499E-01,3.047378E+03,3.969285E-01,5.590401E+03,1.034714E+04,1.486499E-01,1.045605E+04,1.486499E-01,0.000000E+00,0.000000E+00
19:00:00,1.876610E-01,3.921371E+03,7.814891E-01,1.033178E+04,1.542380E+04,1.876610E-01,1.320009E+04,1.876610E-01,0.000000E+00,0.000000E+00,2.775947E-01,5.800628E+03,8.563470E-01,1.170646E+04,1.971577E+04,2.775947E-01,1.952604E+04,2.775947E-01,0.000000E+00,0.000000E+00,7.456541E-02,1.558121E+03,3.221592E-01,4.246139E+03,6.431763E+03,7.456541E-02,5.244939E+03,7.456541E-02,0.000000E+00,0.000000E+00,1.486499E-01,3.106193E+03,3.928984E-01,5.483530E+03,1.022137E+04,1.486499E-01,1.045605E+04,1.486499E-01,0.000000E+00,0.000000E+00
19:15:00,1.876610E-01,3.975821E+03,7.837323E-01,1.030410E+04,1.541617E+04,1.876610E-01,1.320009E+04,1.876610E-01,0.000000E+00,0.000000E+00,2.775947E-01,5.881173E+03,8.475399E-01,1.152084E+04,1.950956E+04,2.775947E-01,1.952604E+04,2.775947E-01,0.000000E+00,0.000000E+00,7.456541E-02,1.579757E+03,3.189204E-01,4.185822E+03,6.367621E+03,7.456541E-02,5.244939E+03,7.456541E-02,0.000000E+00,0.000000E+00,1.486499E-01,3.149325E+03,3.898114E-01,5.403589E+03,1.013050E+04,1.486499E-01,1.045605E+04,1.486499E-01,0.000000E+00,0.000000E+00
19:30:00,1.876610E-01,4.030272E+03,7.862767E-01,1.028000E+04,1.539232E+04,1.876610E-01,1.320009E+04,1.876610E-01,0.000000E+00,0.000000E+00,2.775947E-01,5.961718E+03,8.380595E-01,1.132717E+04,1.929802E+04,2.775947E-01,1.952604E+04,2.775947E-01,0.000000E+00,0.000000E+00,7.456541E-02,1.601392E+03,3.158218E-01,4.127179E+03,6.305435E+03,7.456541E-02,5.244939E+03,7.456541E-02,0.000000E+00,0.000000E+00,1.486499E-01,3.192456E+03,3.865355E-01,5.321378E+03,1.003675E+04,1.486499E-01,1.045605E+04,1.486499E-01,0.000000E+00,0.000000E+00
19:45:00,1.876610E-01,4.084722E+03,7.890505E-01,1.025864E+04,1.536630E+04,1.876610E-01,1.320009E+04,1.876610E-01,0.000000E+00,0.000000E+00,2.775947E-01,6.042263E+03,8.294076E-01,1.114337E+04,1.909805E+04,2.775947E-01,1.952604E+04,2.775947E-01,0.000000E+00,0.000000E+00,7.456541E-02,1.623027E+03,3.129747E-01,4.071541E+03,6.246733E+03,7.456541E-02,5.244939E+03,7.456541E-02,0.000000E+00,0.000000E+00,1.486499E-01,3.235587E+03,3.835092E-01,5.242139E+03,9.946772E+03,1.486499E-01,1.045605E+04,1.486499E-01,0.000000E+00,0.000000E+00
20:00:00,1.876610E-01,4.139172E+03,7.920474E-01,1.023995E+04,1.535024E+04,1.876610E-01,1.320009E+04,1.876610E-01,0.000000E+00,0.000000E+00,2.775947E-01,6.122808E+03,8.224214E-01,1.097944E+04,1.891920E+04,2.775947E-01,1.952604E+04,2.775947E-01,0.000000E+00,0.000000E+00,7.456541E-02,1.644663E+03,3.103955E-01,4.019100E+03,6.191610E+03,7.456541E-02,5.244939E+03,7.456541E-02,0.000000E+00,0.000000E+00,1.486499E-01,3.278718E+03,3.809981E-01,5.169040E+03,9.864171E+03,1.486499E-01,1.045605E+04,1.486499E-01,0.000000E+00,0.000000E+00
20:15:00,1.876610E-01,4.183723E+03,7.903109E-01,1.017466E+04,1.527589E+04,1.876610E-01,1.320009E+04,1.876610E-01,0.000000E+00,0.000000E+00,2.775947E-01,6.188708E+03,8.173200E-01,1.085263E+04,1.878162E+04,2.775947E-01,1.952604E+04,2.775947E-01,0.000000E+00,0.000000E+00,7.456541E-02,1.662365E+03,3.080472E-01,3.973350E+03,6.143531E+03,7.456541E-02,5.244939E+03,7.456541E-02,0.000000E+00,0.000000E+00,1.486499E-01,3.314007E+03,3.786662E-01,5.105920E+03,9.790434E+03,1.486499E-01,1.045605E+04,1.486499E-01,0.000000E+00,0.000000E+00
20:30:00,1.876610E-01,4.228273E+03,7.885132E-01,1.010867E+04,1.520552E+04,1.876610E-01,1.320009E+04,1.876610E-01,0.000000E+00,0.000000E+00,2.775947E-01,6.254609E+03,8.130597E-01,1.073585E+04,1.865505E+04,2.775947E-01,1.952604E+04,2.775947E-01,0.000000E+00,0.000000E+00,7.456541E-02,1.680066E+03,3.058926E-01,3.929914E+03,6.097931E+03,7.456541E-02,5.244939E+03,7.456541E-02,0.000000E+00,0.000000E+00,1.486499E-01,3.349297E+03,3.765835E-01,5.045774E+03,9.722833E+03,1.486499E-01,1.045605E+04,1.486499E-01,0.000000E+00,0.000000E+00
20:45:00,1.876610E-01,4.272823E+03,7.867477E-01,1.004306E+04,1.513717E+04,1.876610E-01,1.320009E+04,1.876610E-01,0.000000E+00,0.000000E+00,2.775947E-01,6.320509E+03,8.091063E-01,1.062274E+04,1.853227E+04,2.775947E-01,1.952604E+04,2.775947E-01,0.000000E+00,0.000000E+00,7.456541E-02,1.697768E+03,3.038567E-01,3.887895E+03,6.053731E+03,7.456541E-02,5.244939E+03,7.456541E-02,0.000000E+00,0.000000E+00,1.486499E-01,3.384586E+03,3.745979E-01,4.986788E+03,9.656641E+03,1.486499E-01,1.045605E+04,1.486499E-01,0.000000E+00,0.000000E+00
21:00:00,1.876610E-01,4.317374E+03,7.850443E-01,9.978184E+03,1.506982E+04,1.876610E-01,1.320009E+04,1.876610E-01,0.000000E+00,0.000000E+00,2.775947E-01,6.386410E+03,8.053905E-01,1.051247E+04,1.841294E+04,2.775947E-01,1.952604E+04,2.775947E-01,0.000000E+00,0.000000E+00,7.456541E-02,1.715470E+03,3.019274E-01,3.847150E+03,6.010844E+03,7.456541E-02,5.244939E+03,7.456541E-02,0.000000E+00,0.000000E+00,1.486499E-01,3.419875E+03,3.726929E-01,4.928766E+03,9.590428E+03,1.486499E-01,1.045605E+04,1.486499E-01,0.000000E+00,0.000000E+00
21:15:00,1.876610E-01,4.361924E+03,7.784235E-01,9.854596E+03,1.492255E+04,1.876610E-01,1.320009E+04,1.876610E-01,0.000000E+00,0.000000E+00,2.775947E-01,6.452310E+03,8.018253E-01,1.040401E+04,1.829572E+04,2.775947E-01,1.952604E+04,2.775947E-01,0.000000E+00,0.000000E+00,7.456541E-02,1.733171E+03,3.000477E-01,3.806997E+03,5.968458E+03,7.456541E-02,5.244939E+03,7.456541E-02,0.000000E+00,0.000000E+00,1.486499E-01,3.455164E+03,3.712505E-01,4.876265E+03,9.532326E+03,1.486499E-01,1.045605E+04,1.486499E-01,0.000000E+00,0.000000E+00
21:30:00,1.876610E-01,4.406474E+03,7.715763E-01,9.728324E+03,1.479059E+04,1.876610E-01,1.320009E+04,1.876610E-01,0.000000E+00,0.000000E+00,2.775947E-01,6.518210E+03,7.983986E-01,1.029720E+04,1.818039E+04,2.775947E-01,1.952604E+04,2.775947E-01,0.000000E+00,0.000000E+00,7.456541E-02,1.750873E+03,2.981912E-01,3.767122E+03,5.926240E+03,7.456541E-02,5.244939E+03,7.456541E-02,0.000000E+00,0.000000E+00,1.486499E-01,3.490453E+03,3.698824E-01,4.824647E+03,9.474858E+03,1.486499E-01,1.045605E+04,1.486499E-01,0.000000E+00,0.000000E+00
21:45:00,1.876610E-01,4.451025E+03,7.646241E-01,9.600793E+03,1.465950E+04,1.876610E-01,1.320009E+04,1.876610E-01,0.000000E+00,0.000000E+00,2.775947E-01,6.584111E+03,7.950983E-01,1.019191E+04,1.806673E+04,2.775947E-01,1.952604E+04,2.775947E-01,0.000000E+00,0.000000E+00,7.456541E-02,1.768575E+03,2.963516E-01,3.727448E+03,5.884174E+03,7.456541E-02,5.244939E+03,7.456541E-02,0.000000E+00,0.000000E+00,1.486499E-01,3.525742E+03,3.685751E-01,4.773755E+03,9.418179E+03,1.486499E-01,1.045605E+04,1.486499E-01,0.000000E+00,0.000000E+00
22:00:00,1.876610E-01,4.495575E+03,7.576151E-01,9.472575E+03,1.451948E+04,1.876610E-01,1.320009E+04,1.876610E-01,0.000000E+00,0.000000E+00,2.775947E-01,6.650011E+03,7.919122E-01,1.008797E+04,1.795459E+04,2.775947E-01,1.952604E+04,2.775947E-01,0.000000E+00,0.000000E+00,7.456541E-02,1.786276E+03,2.945314E-01,3.688007E+03,5.842326E+03,7.456541E-02,5.244939E+03,7.456541E-02,0.000000E+00,0.000000E+00,1.486499E-01,3.561032E+03,3.673204E-01,4.723494E+03,9.362305E+03,1.486499E-01,1.045605E+04,1.486499E-01,0.000000E+00,0.000000E+00
22:15:00,1.876610E-01,4.530225E+03,7.494412E-01,9.340345E+03,1.436131E+04,1.876610E-01,1.320009E+04,1.876610E-01,0.000000E+00,0.000000E+00,2.775947E-01,6.701267E+03,7.889023E-01,1.000079E+04,1.786008E+04,2.775947E-01,1.952604E+04,2.775947E-01,0.000000E+00,0.000000E+00,7.456541E-02,1.800044E+03,2.927681E-01,3.653179E+03,5.805277E+03,7.456541E-02,5.244939E+03,7.456541E-02,0.000000E+00,0.000000E+00,1.486499E-01,3.588479E+03,3.661376E-01,4.681931E+03,9.315708E+03,1.486499E-01,1.045605E+04,1.486499E-01,0.000000E+00,0.000000E+00
22:30:00,1.876610E-01,4.564875E+03,7.412442E-01,9.207844E+03,1.417602E+04,1.876610E-01,1.320009E+04,1.876610E-01,0.000000E+00,0.000000E+00,2.775947E-01,6.752523E+03,7.860590E-01,9.915592E+03,1.776777E+04,2.775947E-01,1.952604E+04,2.775947E-01,0.000000E+00,0.000000E+00,7.456541E-02,1.813812E+03,2.910586E-01,3.618994E+03,5.768887E+03,7.456541E-02,5.244939E+03,7.456541E-02,0.000000E+00,0.000000E+00,1.486499E-01,3.615926E+03,3.650218E-01,4.641170E+03,9.270095E+03,1.486499E-01,1.045605E+04,1.486499E-01,0.000000E+00,0.000000E+00
22:45:00,1.876610E-01,4.599526E+03,7.374097E-01,9.127432E+03,1.405867E+04,1.876610E-01,1.320009E+04,1.876610E-01,0.000000E+00,0.000000E+00,2.775947E-01,6.803779E+03,7.833740E-01,9.832284E+03,1.767751E+04,2.775947E-01,1.952604E+04,2.775947E-01,0.000000E+00,0.000000E+00,7.456541E-02,1.827580E+03,2.894031E-01,3.585454E+03,5.733181E+03,7.456541E-02,5.244939E+03,7.456541E-02,0.000000E+00,0.000000E+00,1.486499E-01,3.643373E+03,3.639691E-01,4.601161E+03,9.225382E+03,1.486499E-01,1.045605E+04,1.486499E-01,0.000000E+00,0.000000E+00
23:00:00,1.876610E-01,4.634176E+03,7.364706E-01,9.081600E+03,1.399534E+04,1.876610E-01,1.320009E+04,1.876610E-01,0.000000E+00,0.000000E+00,2.775947E-01,6.855034E+03,7.808399E-01,9.750777E+03,1.758938E+04,2.775947E-01,1.952604E+04,2.775947E-01,0.000000E+00,0.000000E+00,7.456541E-02,1.841348E+03,2.878035E-01,3.552581E+03,5.698223E+03,7.456541E-02,5.244939E+03,7.456541E-02,0.000000E+00,0.000000E+00,1.486499E-01,3.670820E+03,3.629762E-01,4.561866E+03,9.181600E+03,1.486499E-01,1.045605E+04,1.486499E-01,0.000000E+00,0.000000E+00
23:15:00,1.876610E-01,4.668826E+03,7.355592E-01,9.036109E+03,1.394040E+04,1.876610E-01,1.320009E+04,1.876610E-01,0.000000E+00,0.000000E+00,2.775947E-01,6.906290E+03,7.783770E-01,9.670122E+03,1.750216E+04,2.775947E-01,1.952604E+04,2.775947E-01,0.000000E+00,0.000000E+00,7.456541E-02,1.855116E+03,2.862094E-01,3.519774E+03,5.663217E+03,7.456541E-02,5.244939E+03,7.456541E-02,0.000000E+00,0.000000E+00,1.486499E-01,3.698267E+03,3.620152E-01,4.522951E+03,9.138261E+03,1.486499E-01,1.045605E+04,1.486499E-01,0.000000E+00,0.000000E+00
23:30:00,1.876610E-01,4.703476E+03,7.346726E-01,8.990936E+03,1.387951E+04,1.876610E-01,1.320009E+04,1.876610E-01,0.000000E+00,0.000000E+00,2.775947E-01,6.957546E+03,7.759780E-01,9.590229E+03,1.741581E+04,2.775947E-01,1.952604E+04,2.775947E-01,0.000000E+00,0.000000E+00,7.456541E-02,1.868884E+03,2.845990E-01,3.486772E+03,5.627862E+03,7.456541E-02,5.244939E+03,7.456541E-02,0.000000E+00,0.000000E+00,1.486499E-01,3.725714E+03,3.610826E-01,4.484375E+03,9.095340E+03,1.486499E-01,1.045605E+04,1.486499E-01,0.000000E+00,0.000000E+00
23:45:00,1.876610E-01,4.738127E+03,7.338077E-01,8.946021E+03,1.381745E+04,1.876610E-01,1.320009E+04,1.876610E-01,0.000000E+00,0.000000E+00,2.775947E-01,7.008802E+03,7.736361E-01,9.511017E+03,1.733023E+04,2.775947E-01,1.952604E+04,2.775947E-01,0.000000E+00,0.000000E+00,7.456541E-02,1.882652E+03,2.829697E-01,3.453545E+03,5.592219E+03,7.456541E-02,5.244939E+03,7.456541E-02,0.000000E+00,0.000000E+00,1.486499E-01,3.753161E+03,3.601748E-01,4.446097E+03,9.052792E+03,1.486499E-01,1.045605E+04,1.486499E-01,0.000000E+00,0.000000E+00
24:00:00,1.876610E-01,4.772777E+03,7.329618E-01,8.901329E+03,1.375880E+04,1.876610E-01,1.320009E+04,1.876610E-01,0.000000E+00,0.000000E+00,2.775947E-01,7.060058E+03,7.713448E-01,9.432411E+03,1.724534E+04,2.775947E-01,1.952604E+04,2.775947E-01,0.000000E+00,0.000000E+00,7.456541E-02,1.896420E+03,2.813273E-01,3.420162E+03,5.556402E+03,7.456541E-02,5.244939E+03,7.456541E-02,0.000000E+00,0.000000E+00,1.486499E-01,3.780609E+03,3.592889E-01,4.408078E+03,9.010568E+03,1.486499E-01,1.045605E+04,1.486499E-01,0.000000E+00,0.000000E+00
Coinc Peak   ,1.876610E-01,8.203150E-01,1.320009E+04,1.163713E+04,2.775947E-01,8.781934E-01,1.952604E+04,1.310941E+04,7.456541E-02,3.727951E-01,5.244939E+03,5.157692E+03,1.486499E-01,4.162359E-01,1.045605E+04,6.373508E+03
NonCoinc Peak,1.876610E-01,8.305144E-01,1.320009E+04,1.163713E+04,2.775947E-01,8.781934E-01,1.952604E+04,1.310941E+04,7.456541E-02,3.727951E-01,5.244939E+03,5.157692E+03,1.486499E-01,4.162359E-01,1.045605E+04,6.373508E+03
