Time,EXERCISECENTERFLR1 ZN - EMPLOYEELOUNGEFLR1 ZN - RESTROOMFLR1 ZN SAC:DesPer 1:Des Heat Mass Flow [kg/s],EXERCISECENTERFLR1 ZN - EMPLOYEELOUNGEFLR1 ZN - RESTROOMFLR1 ZN SAC:DesPer 1:Des Heat Cap [W],EXERCISECENTERFLR1 ZN - EMPLOYEELOUNGEFLR1 ZN - RESTROOMFLR1 ZN SAC:DesPer 1:Des Cool Mass Flow [kg/s],EXERCISECENTERFLR1 ZN - EMPLOYEELOUNGEFLR1 ZN - RESTROOMFLR1 ZN SAC:DesPer 1:Des Sens Cool Cap [W],EXERCISECENTERFLR1 ZN - EMPLOYEELOUNGEFLR1 ZN - RESTROOMFLR1 ZN SAC:DesPer 1:Des Tot Cool Cap [W],EXERCISECENTERFLR1 ZN - EMPLOYEELOUNGEFLR1 ZN - RESTROOMFLR1 ZN SAC:DesPer 2:Des Heat Mass Flow [kg/s],EXERCISECENTERFLR1 ZN - EMPLOYEELOUNGEFLR1 ZN - RESTROOMFLR1 ZN SAC:DesPer 2:Des Heat Cap [W],EXERCISECENTERFLR1 ZN - EMPLOYEELOUNGEFLR1 ZN - RESTROOMFLR1 ZN SAC:DesPer 2:Des Cool Mass Flow [kg/s],EXERCISECENTERFLR1 ZN - EMPLOYEELOUNGEFLR1 ZN - RESTROOMFLR1 ZN SAC:DesPer 2:Des Sens Cool Cap [W],EXERCISECENTERFLR1 ZN - EMPLOYEELOUNGEFLR1 ZN - RESTROOMFLR1 ZN SAC:DesPer 2:Des Tot Cool Cap [W],FRONTLOUNGEFLR1 ZN SAC:DesPer 1:Des Heat Mass Flow [kg/s],FRONTLOUNGEFLR1 ZN SAC:DesPer 1:Des Heat Cap [W],FRONTLOUNGEFLR1 ZN SAC:DesPer 1:Des Cool Mass Flow [kg/s],FRONTLOUNGEFLR1 ZN SAC:DesPer 1:Des Sens Cool Cap [W],FRONTLOUNGEFLR1 ZN SAC:DesPer 1:Des Tot Cool Cap [W],FRONTLOUNGEFLR1 ZN SAC:DesPer 2:Des Heat Mass Flow [kg/s],FRONTLOUNGEFLR1 ZN SAC:DesPer 2:Des Heat Cap [W],FRONTLOUNGEFLR1 ZN SAC:DesPer 2:Des Cool Mass Flow [kg/s],FRONTLOUNGEFLR1 ZN SAC:DesPer 2:Des Sens Cool Cap [W],FRONTLOUNGEFLR1 ZN SAC:DesPer 2:Des Tot Cool Cap [W],FRONTOFFICEFLR1 ZN SAC:DesPer 1:Des Heat Mass Flow [kg/s],FRONTOFFICEFLR1 ZN SAC:DesPer 1:Des Heat Cap [W],FRONTOFFICEFLR1 ZN SAC:DesPer 1:Des Cool Mass Flow [kg/s],FRONTOFFICEFLR1 ZN SAC:DesPer 1:Des Sens Cool Cap [W],FRONTOFFICEFLR1 ZN SAC:DesPer 1:Des Tot Cool Cap [W],FRONTOFFICEFLR1 ZN SAC:DesPer 2:Des Heat Mass Flow [kg/s],FRONTOFFICEFLR1 ZN SAC:DesPer 2:Des Heat Cap [W],FRONTOFFICEFLR1 ZN SAC:DesPer 2:Des Cool Mass Flow [kg/s],FRONTOFFICEFLR1 ZN SAC:DesPer 2:Des Sens Cool Cap [W],FRONTOFFICEFLR1 ZN SAC:DesPer 2:Des Tot Cool Cap [W],MEETINGROOMFLR1 ZN SAC:DesPer 1:Des Heat Mass Flow [kg/s],MEETINGROOMFLR1 ZN SAC:DesPer 1:Des Heat Cap [W],MEETINGROOMFLR1 ZN SAC:DesPer 1:Des Cool Mass Flow [kg/s],MEETINGROOMFLR1 ZN SAC:DesPer 1:Des Sens Cool Cap [W],MEETINGROOMFLR1 ZN SAC:DesPer 1:Des Tot Cool Cap [W],MEETINGROOMFLR1 ZN SAC:DesPer 2:Des Heat Mass Flow [kg/s],MEETINGROOMFLR1 ZN SAC:DesPer 2:Des Heat Cap [W],MEETINGROOMFLR1 ZN SAC:DesPer 2:Des Cool Mass Flow [kg/s],MEETINGROOMFLR1 ZN SAC:DesPer 2:Des Sens Cool Cap [W],MEETINGROOMFLR1 ZN SAC:DesPer 2:Des Tot Cool Cap [W]
00:15:00,1.666663E-01,3.810918E+03,7.517308E-01,9.536429E+03,1.028128E+04,1.666663E-01,9.244679E+03,1.666663E-01,0.000000E+00,0.000000E+00,2.465386E-01,5.637242E+03,8.114759E-01,1.051972E+04,1.244842E+04,2.465386E-01,1.367505E+04,2.465386E-01,0.000000E+00,0.000000E+00,6.622335E-02,1.514234E+03,3.055026E-01,3.872484E+03,4.235238E+03,6.622335E-02,3.673290E+03,6.622335E-02,0.000000E+00,0.000000E+00,1.320196E-01,3.018701E+03,3.771476E-01,4.946445E+03,6.587678E+03,1.320196E-01,7.322888E+03,1.320196E-01,0.000000E+00,0.000000E+00
00:30:00,1.666663E-01,3.843576E+03,7.508944E-01,9.493804E+03,1.021995E+04,1.666663E-01,9.244679E+03,1.666663E-01,0.000000E+00,0.000000E+00,2.465386E-01,5.685551E+03,8.091277E-01,1.044338E+04,1.236743E+04,2.465386E-01,1.367505E+04,2.465386E-01,0.000000E+00,0.000000E+00,6.622335E-02,1.527210E+03,3.039093E-01,3.840476E+03,4.201931E+03,6.622335E-02,3.673290E+03,6.622335E-02,0.000000E+00,0.000000E+00,1.320196E-01,3.044570E+03,3.762565E-01,4.909944E+03,6.547952E+03,1.320196E-01,7.322888E+03,1.320196E-01,0.000000E+00,0.000000E+00
00:45:00,1.666663E-01,3.876233E+03,7.500826E-01,9.451468E+03,1.016346E+04,1.666663E-01,9.244679E+03,1.666663E-01,0.000000E+00,0.000000E+00,2.465386E-01,5.733859E+03,8.068591E-01,1.036798E+04,1.228745E+04,2.465386E-01,1.367505E+04,2.465386E-01,0.000000E+00,0.000000E+00,6.622335E-02,1.540186E+03,3.024210E-01,3.809723E+03,4.169979E+03,6.622335E-02,3.673290E+03,6.622335E-02,0.000000E+00,0.000000E+00,1.320196E-01,3.070439E+03,3.753961E-01,4.873808E+03,6.508648E+03,1.320196E-01,7.322888E+03,1.320196E-01,0.000000E+00,0.000000E+00
01:00:00,1.666663E-01,3.908891E+03,7.492949E-01,9.409416E+03,1.011029E+04,1.666663E-01,9.244679E+03,1.666663E-01,0.000000E+00,0.000000E+00,2.465386E-01,5.782168E+03,8.046679E-01,1.029352E+04,1.220853E+04,2.465386E-01,1.367505E+04,2.465386E-01,0.000000E+00,0.000000E+00,6.622335E-02,1.553163E+03,3.010234E-01,3.780052E+03,4.139178E+03,6.622335E-02,3.673290E+03,6.622335E-02,0.000000E+00,0.000000E+00,1.320196E-01,3.096308E+03,3.745658E-01,4.838031E+03,6.469796E+03,1.320196E-01,7.322888E+03,1.320196E-01,0.000000E+00,0.000000E+00
01:15:00,1.666663E-01,3.930663E+03,7.485390E-01,9.378628E+03,1.007070E+04,1.666663E-01,9.244679E+03,1.666663E-01,0.000000E+00,0.000000E+00,2.465386E-01,5.814374E+03,8.025875E-01,1.023647E+04,1.214766E+04,2.465386E-01,1.367505E+04,2.465386E-01,0.000000E+00,0.000000E+00,6.622335E-02,1.561814E+03,2.997231E-01,3.755870E+03,4.114038E+03,6.622335E-02,3.673290E+03,6.622335E-02,0.000000E+00,0.000000E+00,1.320196E-01,3.113554E+03,3.737768E-01,4.811371E+03,6.440443E+03,1.320196E-01,7.322888E+03,1.320196E-01,0.000000E+00,0.000000E+00
01:30:00,1.666663E-01,3.952435E+03,7.478149E-01,9.348216E+03,1.003304E+04,1.666663E-01,9.244679E+03,1.666663E-01,0.000000E+00,0.000000E+00,2.465386E-01,5.846580E+03,8.006166E-01,1.018074E+04,1.208817E+04,2.465386E-01,1.367505E+04,2.465386E-01,0.000000E+00,0.000000E+00,6.622335E-02,1.570464E+03,2.985065E-01,3.732687E+03,4.089944E+03,6.622335E-02,3.673290E+03,6.622335E-02,0.000000E+00,0.000000E+00,1.320196E-01,3.130800E+03,3.730285E-01,4.785195E+03,6.411644E+03,1.320196E-01,7.322888E+03,1.320196E-01,0.000000E+00,0.000000E+00
01:45:00,1.666663E-01,3.974207E+03,7.471224E-01,9.318182E+03,9.996998E+03,1.666663E-01,9.244679E+03,1.666663E-01,0.000000E+00,0.000000E+00,2.465386E-01,5.878785E+03,7.987545E-01,1.012630E+04,1.203005E+04,2.465386E-01,1.367505E+04,2.465386E-01,0.000000E+00,0.000000E+00,6.622335E-02,1.579115E+03,2.973660E-01,3.710413E+03,4.066793E+03,6.622335E-02,3.673290E+03,6.622335E-02,0.000000E+00,0.000000E+00,1.320196E-01,3.148046E+03,3.723205E-01,4.759501E+03,6.383390E+03,1.320196E-01,7.322888E+03,1.320196E-01,0.000000E+00,0.000000E+00
02:00:00,1.666663E-01,3.995979E+03,7.464620E-01,9.288527E+03,9.962351E+03,1.666663E-01,9.244679E+03,1.666663E-01,0.000000E+00,0.000000E+00,2.465386E-01,5.910991E+03,7.970013E-01,1.007317E+04,1.197345E+04,2.465386E-01,1.367505E+04,2.465386E-01,0.000000E+00,0.000000E+00,6.622335E-02,1.587766E+03,2.962964E-01,3.688986E+03,4.044538E+03,6.622335E-02,3.673290E+03,6.622335E-02,0.000000E+00,0.000000E+00,1.320196E-01,3.165292E+03,3.716526E-01,4.734284E+03,6.355762E+03,1.320196E-01,7.322888E+03,1.320196E-01,0.000000E+00,0.000000E+00
02:15:00,1.666663E-01,4.012308E+03,7.458256E-01,9.264603E+03,9.934317E+03,1.666663E-01,9.244679E+03,1.666663E-01,0.000000E+00,0.000000E+00,2.465386E-01,5.935145E+03,7.953217E-01,1.002896E+04,1.192609E+04,2.465386E-01,1.367505E+04,2.465386E-01,0.000000E+00,0.000000E+00,6.622335E-02,1.594254E+03,2.952760E-01,3.670309E+03,4.025092E+03,6.622335E-02,3.673290E+03,6.622335E-02,0.000000E+00,0.000000E+00,1.320196E-01,3.178226E+03,3.710125E-01,4.713711E+03,6.332968E+03,1.320196E-01,7.322888E+03,1.320196E-01,0.000000E+00,0.000000E+00
02:30:00,1.666663E-01,4.028637E+03,7.452132E-01,9.240965E+03,9.907192E+03,1.666663E-01,9.244679E+03,1.666663E-01,0.000000E+00,0.000000E+00,2.465386E-01,5.959300E+03,7.937152E-01,9.985627E+03,1.187967E+04,2.465386E-01,1.367505E+04,2.465386E-01,0.000000E+00,0.000000E+00,6.622335E-02,1.600742E+03,2.943020E-01,3.652187E+03,4.006216E+03,6.622335E-02,3.673290E+03,6.622335E-02,0.000000E+00,0.000000E+00,1.320196E-01,3.191161E+03,3.704000E-01,4.693468E+03,6.310561E+03,1.320196E-01,7.322888E+03,1.320196E-01,0.000000E+00,0.000000E+00
02:45:00,1.666663E-01,4.044966E+03,7.446246E-01,9.217610E+03,9.880855E+03,1.666663E-01,9.244679E+03,1.666663E-01,0.000000E+00,0.000000E+00,2.465386E-01,5.983454E+03,7.921814E-01,9.943161E+03,1.183420E+04,2.465386E-01,1.367505E+04,2.465386E-01,0.000000E+00,0.000000E+00,6.622335E-02,1.607231E+03,2.933723E-01,3.634593E+03,3.987885E+03,6.622335E-02,3.673290E+03,6.622335E-02,0.000000E+00,0.000000E+00,1.320196E-01,3.204095E+03,3.698147E-01,4.673548E+03,6.288536E+03,1.320196E-01,7.322888E+03,1.320196E-01,0.000000E+00,0.000000E+00
03:00:00,1.666663E-01,4.061294E+03,7.440594E-01,9.194534E+03,9.855215E+03,1.666663E-01,9.244679E+03,1.666663E-01,0.000000E+00,0.000000E+00,2.465386E-01,6.007608E+03,7.907195E-01,9.901553E+03,1.178972E+04,2.465386E-01,1.367505E+04,2.465386E-01,0.000000E+00,0.000000E+00,6.622335E-02,1.613719E+03,2.924850E-01,3.617507E+03,3.970090E+03,6.622335E-02,3.673290E+03,6.622335E-02,0.000000E+00,0.000000E+00,1.320196E-01,3.217030E+03,3.692561E-01,4.653948E+03,6.266924E+03,1.320196E-01,7.322888E+03,1.320196E-01,0.000000E+00,0.000000E+00
03:15:00,1.666663E-01,4.077623E+03,7.435093E-01,9.171637E+03,9.830077E+03,1.666663E-01,9.244679E+03,1.666663E-01,0.000000E+00,0.000000E+00,2.465386E-01,6.031763E+03,7.892937E-01,9.860377E+03,1.174570E+04,2.465386E-01,1.367505E+04,2.465386E-01,0.000000E+00,0.000000E+00,6.622335E-02,1.620207E+03,2.916211E-01,3.600699E+03,3.952567E+03,6.622335E-02,3.673290E+03,6.622335E-02,0.000000E+00,0.000000E+00,1.320196E-01,3.229964E+03,3.687119E-01,4.634519E+03,6.245508E+03,1.320196E-01,7.322888E+03,1.320196E-01,0.000000E+00,0.000000E+00
03:30:00,1.666663E-01,4.093952E+03,7.429733E-01,9.148910E+03,9.805370E+03,1.666663E-01,9.244679E+03,1.666663E-01,0.000000E+00,0.000000E+00,2.465386E-01,6.055917E+03,7.879024E-01,9.819612E+03,1.170214E+04,2.465386E-01,1.367505E+04,2.465386E-01,0.000000E+00,0.000000E+00,6.622335E-02,1.626695E+03,2.907789E-01,3.584151E+03,3.935306E+03,6.622335E-02,3.673290E+03,6.622335E-02,0.000000E+00,0.000000E+00,1.320196E-01,3.242899E+03,3.681814E-01,4.615254E+03,6.224292E+03,1.320196E-01,7.322888E+03,1.320196E-01,0.000000E+00,0.000000E+00
03:45:00,1.666663E-01,4.110281E+03,7.424507E-01,9.126342E+03,9.781033E+03,1.666663E-01,9.244679E+03,1.666663E-01,0.000000E+00,0.000000E+00,2.465386E-01,6.080071E+03,7.865435E-01,9.779235E+03,1.165902E+04,2.465386E-01,1.367505E+04,2.465386E-01,0.000000E+00,0.000000E+00,6.622335E-02,1.633183E+03,2.899570E-01,3.567845E+03,3.918293E+03,6.622335E-02,3.673290E+03,6.622335E-02,0.000000E+00,0.000000E+00,1.320196E-01,3.255833E+03,3.676637E-01,4.596142E+03,6.203266E+03,1.320196E-01,7.322888E+03,1.320196E-01,0.000000E+00,0.000000E+00
04:00:00,1.666663E-01,4.126610E+03,7.419404E-01,9.103922E+03,9.757017E+03,1.666663E-01,9.244679E+03,1.666663E-01,0.000000E+00,0.000000E+00,2.465386E-01,6.104225E+03,7.852149E-01,9.739219E+03,1.161631E+04,2.465386E-01,1.367505E+04,2.465386E-01,0.000000E+00,0.000000E+00,6.622335E-02,1.639671E+03,2.891538E-01,3.551763E+03,3.901509E+03,6.622335E-02,3.673290E+03,6.622335E-02,0.000000E+00,0.000000E+00,1.320196E-01,3.268767E+03,3.671578E-01,4.577171E+03,6.182415E+03,1.320196E-01,7.322888E+03,1.320196E-01,0.000000E+00,0.000000E+00
04:15:00,1.666663E-01,4.137496E+03,7.414497E-01,9.087177E+03,9.738920E+03,1.666663E-01,9.244679E+03,1.666663E-01,0.000000E+00,0.000000E+00,2.465386E-01,6.120328E+03,7.839490E-01,9.708004E+03,1.158273E+04,2.465386E-01,1.367505E+04,2.465386E-01,0.000000E+00,0.000000E+00,6.622335E-02,1.643997E+03,2.883853E-01,3.538258E+03,3.887387E+03,6.622335E-02,3.673290E+03,6.622335E-02,0.000000E+00,0.000000E+00,1.320196E-01,3.277390E+03,3.666747E-01,4.562782E+03,6.166352E+03,1.320196E-01,7.322888E+03,1.320196E-01,0.000000E+00,0.000000E+00
04:30:00,1.666663E-01,4.148382E+03,7.409780E-01,9.070660E+03,9.721160E+03,1.666663E-01,9.244679E+03,1.666663E-01,0.000000E+00,0.000000E+00,2.465386E-01,6.136431E+03,7.827445E-01,9.677521E+03,1.154994E+04,2.465386E-01,1.367505E+04,2.465386E-01,0.000000E+00,0.000000E+00,6.622335E-02,1.648322E+03,2.876505E-01,3.525156E+03,3.873692E+03,6.622335E-02,3.673290E+03,6.622335E-02,0.000000E+00,0.000000E+00,1.320196E-01,3.286013E+03,3.662136E-01,4.548657E+03,6.150596E+03,1.320196E-01,7.322888E+03,1.320196E-01,0.000000E+00,0.000000E+00
04:45:00,1.666663E-01,4.159268E+03,7.405253E-01,9.054369E+03,9.703726E+03,1.666663E-01,9.244679E+03,1.666663E-01,0.000000E+00,0.000000E+00,2.465386E-01,6.152534E+03,7.816005E-01,9.647760E+03,1.151792E+04,2.465386E-01,1.367505E+04,2.465386E-01,0.000000E+00,0.000000E+00,6.622335E-02,1.652648E+03,2.869489E-01,3.512450E+03,3.860414E+03,6.622335E-02,3.673290E+03,6.622335E-02,0.000000E+00,0.000000E+00,1.320196E-01,3.294636E+03,3.657744E-01,4.534793E+03,6.135140E+03,1.320196E-01,7.322888E+03,1.320196E-01,0.000000E+00,0.000000E+00
05:00:00,1.666663E-01,4.170154E+03,7.400913E-01,9.038301E+03,9.686612E+03,1.666663E-01,9.244679E+03,1.666663E-01,0.000000E+00,0.000000E+00,2.465386E-01,6.168637E+03,7.805165E-01,9.618716E+03,1.148673E+04,2.465386E-01,1.367505E+04,2.465386E-01,0.000000E+00,0.000000E+00,6.622335E-02,1.656973E+03,2.862799E-01,3.500134E+03,3.847553E+03,6.622335E-02,3.673290E+03,6.622335E-02,0.000000E+00,0.000000E+00,1.320196E-01,3.303259E+03,3.653567E-01,4.521186E+03,6.120021E+03,1.320196E-01,7.322888E+03,1.320196E-01,0.000000E+00,0.000000E+00
05:15:00,1.666663E-01,4.159268E+03,7.397004E-01,9.044521E+03,9.692251E+03,1.666663E-01,9.244679E+03,1.666663E-01,0.000000E+00,0.000000E+00,2.465386E-01,6.152534E+03,7.795954E-01,9.623822E+03,1.149091E+04,2.465386E-01,1.367505E+04,2.465386E-01,0.000000E+00,0.000000E+00,6.622335E-02,1.652648E+03,2.856956E-01,3.497480E+03,3.844652E+03,6.622335E-02,3.673290E+03,6.622335E-02,0.000000E+00,0.000000E+00,1.320196E-01,3.294636E+03,3.649955E-01,4.525498E+03,6.123539E+03,1.320196E-01,7.322888E+03,1.320196E-01,0.000000E+00,0.000000E+00
05:30:00,1.666663E-01,4.148382E+03,7.393943E-01,9.051751E+03,9.699028E+03,1.666663E-01,9.244679E+03,1.666663E-01,0.000000E+00,0.000000E+00,2.465386E-01,6.136431E+03,7.791803E-01,9.634966E+03,1.150287E+04,2.465386E-01,1.367505E+04,2.465386E-01,0.000000E+00,0.000000E+00,6.622335E-02,1.648322E+03,2.852972E-01,3.497046E+03,3.844298E+03,6.622335E-02,3.673290E+03,6.622335E-02,0.000000E+00,0.000000E+00,1.320196E-01,3.286013E+03,3.648004E-01,4.531791E+03,6.130056E+03,1.320196E-01,7.322888E+03,1.320196E-01,0.000000E+00,0.000000E+00
05:45:00,1.666663E-01,4.137496E+03,7.392197E-01,9.060552E+03,9.707462E+03,1.666663E-01,9.244679E+03,1.666663E-01,0.000000E+00,0.000000E+00,2.465386E-01,6.120328E+03,7.803309E-01,9.664797E+03,1.153878E+04,2.465386E-01,1.367505E+04,2.465386E-01,0.000000E+00,0.000000E+00,6.622335E-02,1.643997E+03,2.851750E-01,3.499911E+03,3.847623E+03,6.622335E-02,3.673290E+03,6.622335E-02,0.000000E+00,0.000000E+00,1.320196E-01,3.277390E+03,3.651166E-01,4.544182E+03,6.145782E+03,1.320196E-01,7.322888E+03,1.320196E-01,0.000000E+00,0.000000E+00
06:00:00,1.666663E-01,4.126610E+03,7.392162E-01,9.071395E+03,9.718057E+03,1.666663E-01,9.244679E+03,1.666663E-01,0.000000E+00,0.000000E+00,2.465386E-01,6.104225E+03,7.831705E-01,9.714781E+03,1.159609E+04,2.465386E-01,1.367505E+04,2.465386E-01,0.000000E+00,0.000000E+00,6.622335E-02,1.639671E+03,2.853896E-01,3.506799E+03,3.855359E+03,6.622335E-02,3.673290E+03,6.622335E-02,0.000000E+00,0.000000E+00,1.320196E-01,3.268767E+03,3.659965E-01,4.563296E+03,6.169332E+03,1.320196E-01,7.322888E+03,1.320196E-01,0.000000E+00,0.000000E+00
06:15:00,1.666663E-01,4.088509E+03,7.394386E-01,9.112149E+03,9.759292E+03,1.666663E-01,9.244679E+03,1.666663E-01,0.000000E+00,0.000000E+00,2.465386E-01,6.047865E+03,7.879397E-01,9.828050E+03,1.171994E+04,2.465386E-01,1.367505E+04,2.465386E-01,0.000000E+00,0.000000E+00,6.622335E-02,1.624532E+03,2.860630E-01,3.529979E+03,3.880195E+03,6.622335E-02,3.673290E+03,6.622335E-02,0.000000E+00,0.000000E+00,1.320196E-01,3.238587E+03,3.675250E-01,4.611700E+03,6.224343E+03,1.320196E-01,7.322888E+03,1.320196E-01,0.000000E+00,0.000000E+00
06:30:00,1.666663E-01,4.050409E+03,7.398765E-01,9.155479E+03,9.852223E+03,1.666663E-01,9.244679E+03,1.666663E-01,0.000000E+00,0.000000E+00,2.465386E-01,5.991505E+03,7.938965E-01,9.955491E+03,1.185826E+04,2.465386E-01,1.367505E+04,2.465386E-01,0.000000E+00,0.000000E+00,6.622335E-02,1.609393E+03,2.871786E-01,3.558442E+03,3.910736E+03,6.622335E-02,3.673290E+03,6.622335E-02,0.000000E+00,0.000000E+00,1.320196E-01,3.208407E+03,3.694585E-01,4.664936E+03,6.284483E+03,1.320196E-01,7.322888E+03,1.320196E-01,0.000000E+00,0.000000E+00
06:45:00,1.666663E-01,4.012308E+03,7.405084E-01,9.201115E+03,9.961935E+03,1.666663E-01,9.244679E+03,1.666663E-01,0.000000E+00,0.000000E+00,2.465386E-01,5.935145E+03,7.998174E-01,1.008251E+04,1.199489E+04,2.465386E-01,1.367505E+04,2.465386E-01,0.000000E+00,0.000000E+00,6.622335E-02,1.594254E+03,2.886559E-01,3.591225E+03,3.945750E+03,6.622335E-02,3.673290E+03,6.622335E-02,0.000000E+00,0.000000E+00,1.320196E-01,3.178226E+03,3.713874E-01,4.718118E+03,6.343745E+03,1.320196E-01,7.322888E+03,1.320196E-01,0.000000E+00,0.000000E+00
07:00:00,1.666663E-01,3.974207E+03,7.413145E-01,9.248816E+03,1.006026E+04,1.666663E-01,9.244679E+03,1.666663E-01,0.000000E+00,0.000000E+00,2.465386E-01,5.878785E+03,8.054488E-01,1.020608E+04,1.212827E+04,2.465386E-01,1.367505E+04,2.465386E-01,0.000000E+00,0.000000E+00,6.622335E-02,1.579115E+03,2.904399E-01,3.627670E+03,3.984561E+03,6.622335E-02,3.673290E+03,6.622335E-02,0.000000E+00,0.000000E+00,1.320196E-01,3.148046E+03,3.732024E-01,4.769947E+03,6.401538E+03,1.320196E-01,7.322888E+03,1.320196E-01,0.000000E+00,0.000000E+00
07:15:00,1.666663E-01,3.881676E+03,7.442671E-01,9.376568E+03,1.022506E+04,1.666663E-01,9.244679E+03,1.666663E-01,0.000000E+00,0.000000E+00,2.465386E-01,5.741911E+03,8.109797E-01,1.040898E+04,1.234392E+04,2.465386E-01,1.367505E+04,2.465386E-01,0.000000E+00,0.000000E+00,6.622335E-02,1.542349E+03,2.925978E-01,3.690209E+03,4.050277E+03,6.622335E-02,3.673290E+03,6.622335E-02,0.000000E+00,0.000000E+00,1.320196E-01,3.074751E+03,3.753619E-01,4.869007E+03,6.511483E+03,1.320196E-01,7.322888E+03,1.320196E-01,0.000000E+00,0.000000E+00
07:30:00,1.666663E-01,3.789146E+03,7.583972E-01,9.637774E+03,1.056471E+04,1.666663E-01,9.244679E+03,1.666663E-01,0.000000E+00,0.000000E+00,2.465386E-01,5.605037E+03,8.164698E-01,1.061139E+04,1.255747E+04,2.465386E-01,1.367505E+04,2.465386E-01,0.000000E+00,0.000000E+00,6.622335E-02,1.505583E+03,2.950727E-01,3.756535E+03,4.119905E+03,6.622335E-02,3.673290E+03,6.622335E-02,0.000000E+00,0.000000E+00,1.320196E-01,3.001455E+03,3.775005E-01,4.967814E+03,6.617391E+03,1.320196E-01,7.322888E+03,1.320196E-01,0.000000E+00,0.000000E+00
07:45:00,1.666663E-01,3.696615E+03,7.729105E-01,9.903526E+03,1.091047E+04,1.666663E-01,9.244679E+03,1.666663E-01,0.000000E+00,0.000000E+00,2.465386E-01,5.468162E+03,8.220310E-01,1.081465E+04,1.277133E+04,2.465386E-01,1.367505E+04,2.465386E-01,0.000000E+00,0.000000E+00,6.622335E-02,1.468817E+03,2.978730E-01,3.826746E+03,4.193505E+03,6.622335E-02,3.673290E+03,6.622335E-02,0.000000E+00,0.000000E+00,1.320196E-01,2.928160E+03,3.796530E-01,5.066788E+03,6.722914E+03,1.320196E-01,7.322888E+03,1.320196E-01,0.000000E+00,0.000000E+00
08:00:00,1.666663E-01,3.604085E+03,7.877731E-01,1.017343E+04,1.124929E+04,1.666663E-01,9.244679E+03,1.666663E-01,0.000000E+00,0.000000E+00,2.465386E-01,5.331288E+03,8.277898E-01,1.102027E+04,1.298873E+04,2.465386E-01,1.367505E+04,2.465386E-01,0.000000E+00,0.000000E+00,6.622335E-02,1.432051E+03,3.009905E-01,3.900746E+03,4.271066E+03,6.622335E-02,3.673290E+03,6.622335E-02,0.000000E+00,0.000000E+00,1.320196E-01,2.854865E+03,3.818687E-01,5.166516E+03,6.831250E+03,1.320196E-01,7.322888E+03,1.320196E-01,0.000000E+00,0.000000E+00
08:15:00,1.666663E-01,3.500668E+03,7.919183E-01,1.032623E+04,1.141794E+04,1.666663E-01,9.244679E+03,1.666663E-01,0.000000E+00,0.000000E+00,2.465386E-01,5.178311E+03,8.332802E-01,1.123879E+04,1.321856E+04,2.465386E-01,1.367505E+04,2.465386E-01,0.000000E+00,0.000000E+00,6.622335E-02,1.390959E+03,3.042011E-01,3.980185E+03,4.353947E+03,6.622335E-02,3.673290E+03,6.622335E-02,0.000000E+00,0.000000E+00,1.320196E-01,2.772947E+03,3.876014E-01,5.316820E+03,7.020263E+03,1.320196E-01,7.322888E+03,1.320196E-01,0.000000E+00,0.000000E+00
08:30:00,1.666663E-01,3.397252E+03,7.956501E-01,1.047413E+04,1.157261E+04,1.666663E-01,9.244679E+03,1.666663E-01,0.000000E+00,0.000000E+00,2.465386E-01,5.025333E+03,8.388890E-01,1.145872E+04,1.345010E+04,2.465386E-01,1.367505E+04,2.465386E-01,0.000000E+00,0.000000E+00,6.622335E-02,1.349867E+03,3.074756E-01,4.060387E+03,4.437440E+03,6.622335E-02,3.673290E+03,6.622335E-02,0.000000E+00,0.000000E+00,1.320196E-01,2.691029E+03,3.935819E-01,5.470046E+03,7.183737E+03,1.320196E-01,7.322888E+03,1.320196E-01,0.000000E+00,0.000000E+00
08:45:00,1.666663E-01,3.293835E+03,7.993095E-01,1.062120E+04,1.172390E+04,1.666663E-01,9.244679E+03,1.666663E-01,0.000000E+00,0.000000E+00,2.465386E-01,4.872356E+03,8.447797E-01,1.168202E+04,1.368549E+04,2.465386E-01,1.367505E+04,2.465386E-01,0.000000E+00,0.000000E+00,6.622335E-02,1.308776E+03,3.108117E-01,4.141325E+03,4.521587E+03,6.622335E-02,3.673290E+03,6.622335E-02,0.000000E+00,0.000000E+00,1.320196E-01,2.609111E+03,3.997630E-01,5.625669E+03,7.347292E+03,1.320196E-01,7.322888E+03,1.320196E-01,0.000000E+00,0.000000E+00
09:00:00,1.666663E-01,3.190419E+03,8.030102E-01,1.076878E+04,1.187574E+04,1.666663E-01,9.244679E+03,1.666663E-01,0.000000E+00,0.000000E+00,2.465386E-01,4.719379E+03,8.510753E-01,1.191014E+04,1.392633E+04,2.465386E-01,1.367505E+04,2.465386E-01,0.000000E+00,0.000000E+00,6.622335E-02,1.267684E+03,3.143111E-01,4.224214E+03,4.607871E+03,6.622335E-02,3.673290E+03,6.622335E-02,0.000000E+00,0.000000E+00,1.320196E-01,2.527192E+03,4.061531E-01,5.783797E+03,7.527733E+03,1.320196E-01,7.322888E+03,1.320196E-01,0.000000E+00,0.000000E+00
09:15:00,1.666663E-01,3.097888E+03,8.017608E-01,1.084638E+04,1.193976E+04,1.666663E-01,9.244679E+03,1.666663E-01,0.000000E+00,0.000000E+00,2.465386E-01,4.582504E+03,8.575739E-01,1.212459E+04,1.415266E+04,2.465386E-01,1.367505E+04,2.465386E-01,0.000000E+00,0.000000E+00,6.622335E-02,1.230918E+03,3.179763E-01,4.304757E+03,4.691815E+03,6.622335E-02,3.673290E+03,6.622335E-02,0.000000E+00,0.000000E+00,1.320196E-01,2.453897E+03,4.086573E-01,5.886962E+03,7.634935E+03,1.320196E-01,7.322888E+03,1.320196E-01,0.000000E+00,0.000000E+00
09:30:00,1.666663E-01,3.005358E+03,8.002156E-01,1.092048E+04,1.201770E+04,1.666663E-01,9.244679E+03,1.666663E-01,0.000000E+00,0.000000E+00,2.465386E-01,4.445630E+03,8.641108E-01,1.233949E+04,1.437904E+04,2.465386E-01,1.367505E+04,2.465386E-01,0.000000E+00,0.000000E+00,6.622335E-02,1.194152E+03,3.218153E-01,4.387378E+03,4.777855E+03,6.622335E-02,3.673290E+03,6.622335E-02,0.000000E+00,0.000000E+00,1.320196E-01,2.380602E+03,4.109989E-01,5.988232E+03,7.744119E+03,1.320196E-01,7.322888E+03,1.320196E-01,0.000000E+00,0.000000E+00
09:45:00,1.666663E-01,2.912827E+03,7.985281E-01,1.099288E+04,1.209581E+04,1.666663E-01,9.244679E+03,1.666663E-01,0.000000E+00,0.000000E+00,2.465386E-01,4.308756E+03,8.705098E-01,1.255275E+04,1.460367E+04,2.465386E-01,1.367505E+04,2.465386E-01,0.000000E+00,0.000000E+00,6.622335E-02,1.157386E+03,3.258601E-01,4.472455E+03,4.866474E+03,6.622335E-02,3.673290E+03,6.622335E-02,0.000000E+00,0.000000E+00,1.320196E-01,2.307307E+03,4.132315E-01,6.088199E+03,7.852080E+03,1.320196E-01,7.322888E+03,1.320196E-01,0.000000E+00,0.000000E+00
10:00:00,1.666663E-01,2.820297E+03,7.967433E-01,1.106410E+04,1.216456E+04,1.666663E-01,9.244679E+03,1.666663E-01,0.000000E+00,0.000000E+00,2.465386E-01,4.171881E+03,8.765906E-01,1.276221E+04,1.482398E+04,2.465386E-01,1.367505E+04,2.465386E-01,0.000000E+00,0.000000E+00,6.622335E-02,1.120620E+03,3.300594E-01,4.559378E+03,4.956960E+03,6.622335E-02,3.673290E+03,6.622335E-02,0.000000E+00,0.000000E+00,1.320196E-01,2.234011E+03,4.153362E-01,6.186626E+03,7.957362E+03,1.320196E-01,7.322888E+03,1.320196E-01,0.000000E+00,0.000000E+00
10:15:00,1.666663E-01,2.738652E+03,7.998566E-01,1.118292E+04,1.229228E+04,1.666663E-01,9.244679E+03,1.666663E-01,0.000000E+00,0.000000E+00,2.465386E-01,4.051110E+03,8.823162E-01,1.295133E+04,1.502291E+04,2.465386E-01,1.367505E+04,2.465386E-01,0.000000E+00,0.000000E+00,6.622335E-02,1.088179E+03,3.343715E-01,4.643323E+03,5.044319E+03,6.622335E-02,3.673290E+03,6.622335E-02,0.000000E+00,0.000000E+00,1.320196E-01,2.169339E+03,4.150232E-01,6.247579E+03,8.007035E+03,1.320196E-01,7.322888E+03,1.320196E-01,0.000000E+00,0.000000E+00
10:30:00,1.666663E-01,2.657008E+03,8.032114E-01,1.130460E+04,1.241937E+04,1.666663E-01,9.244679E+03,1.666663E-01,0.000000E+00,0.000000E+00,2.465386E-01,3.930338E+03,8.877379E-01,1.313683E+04,1.521786E+04,2.465386E-01,1.367505E+04,2.465386E-01,0.000000E+00,0.000000E+00,6.622335E-02,1.055738E+03,3.388069E-01,4.728742E+03,5.133140E+03,6.622335E-02,3.673290E+03,6.622335E-02,0.000000E+00,0.000000E+00,1.320196E-01,2.104667E+03,4.144898E-01,6.305919E+03,8.070474E+03,1.320196E-01,7.322888E+03,1.320196E-01,0.000000E+00,0.000000E+00
10:45:00,1.666663E-01,2.575363E+03,8.066688E-01,1.142751E+04,1.254635E+04,1.666663E-01,9.244679E+03,1.666663E-01,0.000000E+00,0.000000E+00,2.465386E-01,3.809567E+03,8.928534E-01,1.331867E+04,1.540875E+04,2.465386E-01,1.367505E+04,2.465386E-01,0.000000E+00,0.000000E+00,6.622335E-02,1.023297E+03,3.433190E-01,4.815076E+03,5.222817E+03,6.622335E-02,3.673290E+03,6.622335E-02,0.000000E+00,0.000000E+00,1.320196E-01,2.039995E+03,4.138104E-01,6.362513E+03,8.132674E+03,1.320196E-01,7.322888E+03,1.320196E-01,0.000000E+00,0.000000E+00
11:00:00,1.666663E-01,2.493719E+03,8.101611E-01,1.155083E+04,1.267349E+04,1.666663E-01,9.244679E+03,1.666663E-01,0.000000E+00,0.000000E+00,2.465386E-01,3.688795E+03,8.976577E-01,1.349680E+04,1.559536E+04,2.465386E-01,1.367505E+04,2.465386E-01,0.000000E+00,0.000000E+00,6.622335E-02,9.908566E+02,3.478455E-01,4.901582E+03,5.312523E+03,6.622335E-02,3.673290E+03,6.622335E-02,0.000000E+00,0.000000E+00,1.320196E-01,1.975323E+03,4.130115E-01,6.417671E+03,8.184714E+03,1.320196E-01,7.322888E+03,1.320196E-01,0.000000E+00,0.000000E+00
11:15:00,1.666663E-01,2.439289E+03,8.081428E-01,1.158116E+04,1.268590E+04,1.666663E-01,9.244679E+03,1.666663E-01,0.000000E+00,0.000000E+00,2.465386E-01,3.608281E+03,9.020396E-01,1.362962E+04,1.573490E+04,2.465386E-01,1.367505E+04,2.465386E-01,0.000000E+00,0.000000E+00,6.622335E-02,9.692294E+02,3.522574E-01,4.975906E+03,5.389541E+03,6.622335E-02,3.673290E+03,6.622335E-02,0.000000E+00,0.000000E+00,1.320196E-01,1.932208E+03,4.143696E-01,6.476996E+03,8.250064E+03,1.320196E-01,7.322888E+03,1.320196E-01,0.000000E+00,0.000000E+00
11:30:00,1.666663E-01,2.384859E+03,8.058753E-01,1.160854E+04,1.265688E+04,1.666663E-01,9.244679E+03,1.666663E-01,0.000000E+00,0.000000E+00,2.465386E-01,3.527767E+03,9.059986E-01,1.375740E+04,1.586907E+04,2.465386E-01,1.367505E+04,2.465386E-01,0.000000E+00,0.000000E+00,6.622335E-02,9.476023E+02,3.564832E-01,5.048009E+03,5.464084E+03,6.622335E-02,3.673290E+03,6.622335E-02,0.000000E+00,0.000000E+00,1.320196E-01,1.889093E+03,4.157261E-01,6.536278E+03,8.313142E+03,1.320196E-01,7.322888E+03,1.320196E-01,0.000000E+00,0.000000E+00
11:45:00,1.666663E-01,2.330429E+03,8.033827E-01,1.163324E+04,1.262190E+04,1.666663E-01,9.244679E+03,1.666663E-01,0.000000E+00,0.000000E+00,2.465386E-01,3.447252E+03,9.095458E-01,1.388027E+04,1.599806E+04,2.465386E-01,1.367505E+04,2.465386E-01,0.000000E+00,0.000000E+00,6.622335E-02,9.259751E+02,3.604677E-01,5.117230E+03,5.535531E+03,6.622335E-02,3.673290E+03,6.622335E-02,0.000000E+00,0.000000E+00,1.320196E-01,1.845978E+03,4.170232E-01,6.594852E+03,8.375394E+03,1.320196E-01,7.322888E+03,1.320196E-01,0.000000E+00,0.000000E+00
12:00:00,1.666663E-01,2.276000E+03,8.006555E-01,1.165515E+04,1.260133E+04,1.666663E-01,9.244679E+03,1.666663E-01,0.000000E+00,0.000000E+00,2.465386E-01,3.366738E+03,9.127064E-01,1.399852E+04,1.612180E+04,2.465386E-01,1.367505E+04,2.465386E-01,0.000000E+00,0.000000E+00,6.622335E-02,9.043480E+02,3.641700E-01,5.183080E+03,5.603353E+03,6.622335E-02,3.673290E+03,6.622335E-02,0.000000E+00,0.000000E+00,1.320196E-01,1.802863E+03,4.182489E-01,6.652584E+03,8.436980E+03,1.320196E-01,7.322888E+03,1.320196E-01,0.000000E+00,0.000000E+00
12:15:00,1.666663E-01,2.232456E+03,7.927388E-01,1.160422E+04,1.251204E+04,1.666663E-01,9.244679E+03,1.666663E-01,0.000000E+00,0.000000E+00,2.465386E-01,3.302326E+03,9.156289E-01,1.409782E+04,1.622591E+04,2.465386E-01,1.367505E+04,2.465386E-01,0.000000E+00,0.000000E+00,6.622335E-02,8.870462E+02,3.675992E-01,5.241343E+03,5.663293E+03,6.622335E-02,3.673290E+03,6.622335E-02,0.000000E+00,0.000000E+00,1.320196E-01,1.768371E+03,4.177161E-01,6.680722E+03,8.456079E+03,1.320196E-01,7.322888E+03,1.320196E-01,0.000000E+00,0.000000E+00
12:30:00,1.666663E-01,2.188912E+03,7.843157E-01,1.154724E+04,1.239708E+04,1.666663E-01,9.244679E+03,1.666663E-01,0.000000E+00,0.000000E+00,2.465386E-01,3.237915E+03,9.183629E-01,1.419488E+04,1.632763E+04,2.465386E-01,1.367505E+04,2.465386E-01,0.000000E+00,0.000000E+00,6.622335E-02,8.697445E+02,3.707073E-01,5.295772E+03,5.719163E+03,6.622335E-02,3.673290E+03,6.622335E-02,0.000000E+00,0.000000E+00,1.320196E-01,1.733879E+03,4.170599E-01,6.707405E+03,8.486086E+03,1.320196E-01,7.322888E+03,1.320196E-01,0.000000E+00,0.000000E+00
12:45:00,1.666663E-01,2.145368E+03,7.855402E-01,1.160545E+04,1.241598E+04,1.666663E-01,9.244679E+03,1.666663E-01,0.000000E+00,0.000000E+00,2.465386E-01,3.173504E+03,9.209501E-01,1.429018E+04,1.642748E+04,2.465386E-01,1.367505E+04,2.465386E-01,0.000000E+00,0.000000E+00,6.622335E-02,8.524428E+02,3.734729E-01,5.346109E+03,5.770757E+03,6.622335E-02,3.673290E+03,6.622335E-02,0.000000E+00,0.000000E+00,1.320196E-01,1.699388E+03,4.163379E-01,6.733303E+03,8.515580E+03,1.320196E-01,7.322888E+03,1.320196E-01,0.000000E+00,0.000000E+00
13:00:00,1.666663E-01,2.101825E+03,7.869773E-01,1.166620E+04,1.244552E+04,1.666663E-01,9.244679E+03,1.666663E-01,0.000000E+00,0.000000E+00,2.465386E-01,3.109092E+03,9.234186E-01,1.438406E+04,1.652569E+04,2.465386E-01,1.367505E+04,2.465386E-01,0.000000E+00,0.000000E+00,6.622335E-02,8.351411E+02,3.758840E-01,5.392212E+03,5.817929E+03,6.622335E-02,3.673290E+03,6.622335E-02,0.000000E+00,0.000000E+00,1.320196E-01,1.664896E+03,4.155687E-01,6.758630E+03,8.537918E+03,1.320196E-01,7.322888E+03,1.320196E-01,0.000000E+00,0.000000E+00
13:15:00,1.666663E-01,2.074610E+03,7.882751E-01,1.170896E+04,1.246762E+04,1.666663E-01,9.244679E+03,1.666663E-01,0.000000E+00,0.000000E+00,2.465386E-01,3.068835E+03,9.257428E-01,1.445206E+04,1.659714E+04,2.465386E-01,1.367505E+04,2.465386E-01,0.000000E+00,0.000000E+00,6.622335E-02,8.243275E+02,3.779644E-01,5.427876E+03,5.854378E+03,6.622335E-02,3.673290E+03,6.622335E-02,0.000000E+00,0.000000E+00,1.320196E-01,1.643338E+03,4.204984E-01,6.838998E+03,8.652407E+03,1.320196E-01,7.322888E+03,1.320196E-01,0.000000E+00,0.000000E+00
13:30:00,1.666663E-01,2.047395E+03,8.007444E-01,1.188513E+04,1.272911E+04,1.666663E-01,9.244679E+03,1.666663E-01,0.000000E+00,0.000000E+00,2.465386E-01,3.028578E+03,9.279229E-01,1.451835E+04,1.666684E+04,2.465386E-01,1.367505E+04,2.465386E-01,0.000000E+00,0.000000E+00,6.622335E-02,8.135139E+02,3.797853E-01,5.460442E+03,5.887686E+03,6.622335E-02,3.673290E+03,6.622335E-02,0.000000E+00,0.000000E+00,1.320196E-01,1.621781E+03,4.257056E-01,6.922621E+03,8.739119E+03,1.320196E-01,7.322888E+03,1.320196E-01,0.000000E+00,0.000000E+00
13:45:00,1.666663E-01,2.020180E+03,8.185347E-01,1.212481E+04,1.310742E+04,1.666663E-01,9.244679E+03,1.666663E-01,0.000000E+00,0.000000E+00,2.465386E-01,2.988321E+03,9.299519E-01,1.458283E+04,1.673469E+04,2.465386E-01,1.367505E+04,2.465386E-01,0.000000E+00,0.000000E+00,6.622335E-02,8.027003E+02,3.813473E-01,5.489914E+03,5.917784E+03,6.622335E-02,3.673290E+03,6.622335E-02,0.000000E+00,0.000000E+00,1.320196E-01,1.600223E+03,4.310124E-01,7.007437E+03,8.825416E+03,1.320196E-01,7.322888E+03,1.320196E-01,0.000000E+00,0.000000E+00
14:00:00,1.666663E-01,1.992965E+03,8.364001E-01,1.236533E+04,1.347403E+04,1.666663E-01,9.244679E+03,1.666663E-01,0.000000E+00,0.000000E+00,2.465386E-01,2.948063E+03,9.318162E-01,1.464534E+04,1.680023E+04,2.465386E-01,1.367505E+04,2.465386E-01,0.000000E+00,0.000000E+00,6.622335E-02,7.918867E+02,3.826217E-01,5.515951E+03,5.944249E+03,6.622335E-02,3.673290E+03,6.622335E-02,0.000000E+00,0.000000E+00,1.320196E-01,1.578666E+03,4.363542E-01,7.092692E+03,8.927256E+03,1.320196E-01,7.322888E+03,1.320196E-01,0.000000E+00,0.000000E+00
14:15:00,1.666663E-01,1.992965E+03,8.383870E-01,1.238894E+04,1.353120E+04,1.666663E-01,9.244679E+03,1.666663E-01,0.000000E+00,0.000000E+00,2.465386E-01,2.948063E+03,9.334197E-01,1.466448E+04,1.682090E+04,2.465386E-01,1.367505E+04,2.465386E-01,0.000000E+00,0.000000E+00,6.622335E-02,7.918867E+02,3.835210E-01,5.526696E+03,5.954934E+03,6.622335E-02,3.673290E+03,6.622335E-02,0.000000E+00,0.000000E+00,1.320196E-01,1.578666E+03,4.376369E-01,7.107990E+03,8.942396E+03,1.320196E-01,7.322888E+03,1.320196E-01,0.000000E+00,0.000000E+00
14:30:00,1.666663E-01,1.992965E+03,8.396479E-01,1.240386E+04,1.355241E+04,1.666663E-01,9.244679E+03,1.666663E-01,0.000000E+00,0.000000E+00,2.465386E-01,2.948063E+03,9.347351E-01,1.468019E+04,1.683803E+04,2.465386E-01,1.367505E+04,2.465386E-01,0.000000E+00,0.000000E+00,6.622335E-02,7.918867E+02,3.839919E-01,5.532322E+03,5.960265E+03,6.622335E-02,3.673290E+03,6.622335E-02,0.000000E+00,0.000000E+00,1.320196E-01,1.578666E+03,4.386222E-01,7.119786E+03,8.957388E+03,1.320196E-01,7.322888E+03,1.320196E-01,0.000000E+00,0.000000E+00
14:45:00,1.666663E-01,1.992965E+03,8.404717E-01,1.241359E+04,1.356121E+04,1.666663E-01,9.244679E+03,1.666663E-01,0.000000E+00,0.000000E+00,2.465386E-01,2.948063E+03,9.357317E-01,1.469209E+04,1.685119E+04,2.465386E-01,1.367505E+04,2.465386E-01,0.000000E+00,0.000000E+00,6.622335E-02,7.918867E+02,3.840362E-01,5.532854E+03,5.960313E+03,6.622335E-02,3.673290E+03,6.622335E-02,0.000000E+00,0.000000E+00,1.320196E-01,1.578666E+03,4.394060E-01,7.129178E+03,8.969488E+03,1.320196E-01,7.322888E+03,1.320196E-01,0.000000E+00,0.000000E+00
15:00:00,1.666663E-01,1.992965E+03,8.409274E-01,1.241897E+04,1.356606E+04,1.666663E-01,9.244679E+03,1.666663E-01,0.000000E+00,0.000000E+00,2.465386E-01,2.948063E+03,9.363777E-01,1.469981E+04,1.685955E+04,2.465386E-01,1.367505E+04,2.465386E-01,0.000000E+00,0.000000E+00,6.622335E-02,7.918867E+02,3.836896E-01,5.528716E+03,5.955504E+03,6.622335E-02,3.673290E+03,6.622335E-02,0.000000E+00,0.000000E+00,1.320196E-01,1.578666E+03,4.400080E-01,7.136383E+03,8.977977E+03,1.320196E-01,7.322888E+03,1.320196E-01,0.000000E+00,0.000000E+00
15:15:00,1.666663E-01,2.025623E+03,8.410525E-01,1.238779E+04,1.353487E+04,1.666663E-01,9.244679E+03,1.666663E-01,0.000000E+00,0.000000E+00,2.465386E-01,2.996372E+03,9.366051E-01,1.465422E+04,1.681271E+04,2.465386E-01,1.367505E+04,2.465386E-01,0.000000E+00,0.000000E+00,6.622335E-02,8.048630E+02,3.829808E-01,5.507276E+03,5.932958E+03,6.622335E-02,3.673290E+03,6.622335E-02,0.000000E+00,0.000000E+00,1.320196E-01,1.604535E+03,4.381137E-01,7.087929E+03,8.912899E+03,1.320196E-01,7.322888E+03,1.320196E-01,0.000000E+00,0.000000E+00
15:30:00,1.666663E-01,2.058281E+03,8.408697E-01,1.235295E+04,1.350014E+04,1.666663E-01,9.244679E+03,1.666663E-01,0.000000E+00,0.000000E+00,2.465386E-01,3.044681E+03,9.363062E-01,1.460235E+04,1.675902E+04,2.465386E-01,1.367505E+04,2.465386E-01,0.000000E+00,0.000000E+00,6.622335E-02,8.178393E+02,3.819230E-01,5.481667E+03,5.906085E+03,6.622335E-02,3.673290E+03,6.622335E-02,0.000000E+00,0.000000E+00,1.320196E-01,1.630404E+03,4.358661E-01,7.035277E+03,8.859801E+03,1.320196E-01,7.322888E+03,1.320196E-01,0.000000E+00,0.000000E+00
15:45:00,1.666663E-01,2.090939E+03,8.404357E-01,1.231512E+04,1.346201E+04,1.666663E-01,9.244679E+03,1.666663E-01,0.000000E+00,0.000000E+00,2.465386E-01,3.092989E+03,9.355033E-01,1.454447E+04,1.669924E+04,2.465386E-01,1.367505E+04,2.465386E-01,0.000000E+00,0.000000E+00,6.622335E-02,8.308156E+02,3.806073E-01,5.452978E+03,5.876149E+03,6.622335E-02,3.673290E+03,6.622335E-02,0.000000E+00,0.000000E+00,1.320196E-01,1.656273E+03,4.333457E-01,6.979367E+03,8.803477E+03,1.320196E-01,7.322888E+03,1.320196E-01,0.000000E+00,0.000000E+00
16:00:00,1.666663E-01,2.123596E+03,8.398017E-01,1.227490E+04,1.342096E+04,1.666663E-01,9.244679E+03,1.666663E-01,0.000000E+00,0.000000E+00,2.465386E-01,3.141298E+03,9.344179E-01,1.448321E+04,1.663626E+04,2.465386E-01,1.367505E+04,2.465386E-01,0.000000E+00,0.000000E+00,6.622335E-02,8.437919E+02,3.791140E-01,5.422167E+03,5.844083E+03,6.622335E-02,3.673290E+03,6.622335E-02,0.000000E+00,0.000000E+00,1.320196E-01,1.682142E+03,4.306508E-01,6.921367E+03,8.736259E+03,1.320196E-01,7.322888E+03,1.320196E-01,0.000000E+00,0.000000E+00
16:15:00,1.666663E-01,2.167140E+03,8.440225E-01,1.228175E+04,1.344471E+04,1.666663E-01,9.244679E+03,1.666663E-01,0.000000E+00,0.000000E+00,2.465386E-01,3.205709E+03,9.333524E-01,1.440609E+04,1.655692E+04,2.465386E-01,1.367505E+04,2.465386E-01,0.000000E+00,0.000000E+00,6.622335E-02,8.610936E+02,3.775279E-01,5.385921E+03,5.806461E+03,6.622335E-02,3.673290E+03,6.622335E-02,0.000000E+00,0.000000E+00,1.320196E-01,1.716634E+03,4.302050E-01,6.881565E+03,8.696489E+03,1.320196E-01,7.322888E+03,1.320196E-01,0.000000E+00,0.000000E+00
16:30:00,1.666663E-01,2.210684E+03,8.484429E-01,1.229097E+04,1.345212E+04,1.666663E-01,9.244679E+03,1.666663E-01,0.000000E+00,0.000000E+00,2.465386E-01,3.270121E+03,9.325020E-01,1.433153E+04,1.648021E+04,2.465386E-01,1.367505E+04,2.465386E-01,0.000000E+00,0.000000E+00,6.622335E-02,8.783954E+02,3.758939E-01,5.349104E+03,5.768291E+03,6.622335E-02,3.673290E+03,6.622335E-02,0.000000E+00,0.000000E+00,1.320196E-01,1.751125E+03,4.299164E-01,6.843614E+03,8.656755E+03,1.320196E-01,7.322888E+03,1.320196E-01,0.000000E+00,0.000000E+00
16:45:00,1.666663E-01,2.254228E+03,8.528952E-01,1.230056E+04,1.345668E+04,1.666663E-01,9.244679E+03,1.666663E-01,0.000000E+00,0.000000E+00,2.465386E-01,3.334532E+03,9.319151E-01,1.426011E+04,1.640698E+04,2.465386E-01,1.367505E+04,2.465386E-01,0.000000E+00,0.000000E+00,6.622335E-02,8.956971E+02,3.741540E-01,5.311020E+03,5.728789E+03,6.622335E-02,3.673290E+03,6.622335E-02,0.000000E+00,0.000000E+00,1.320196E-01,1.785617E+03,4.297459E-01,6.807070E+03,8.618748E+03,1.320196E-01,7.322888E+03,1.320196E-01,0.000000E+00,0.000000E+00
17:00:00,1.666663E-01,2.297772E+03,8.573081E-01,1.230970E+04,1.346876E+04,1.666663E-01,9.244679E+03,1.666663E-01,0.000000E+00,0.000000E+00,2.465386E-01,3.398944E+03,9.313801E-01,1.418932E+04,1.633414E+04,2.465386E-01,1.367505E+04,2.465386E-01,0.000000E+00,0.000000E+00,6.622335E-02,9.129988E+02,3.722415E-01,5.270876E+03,5.687059E+03,6.622335E-02,3.673290E+03,6.622335E-02,0.000000E+00,0.000000E+00,1.320196E-01,1.820109E+03,4.296137E-01,6.770991E+03,8.581572E+03,1.320196E-01,7.322888E+03,1.320196E-01,0.000000E+00,0.000000E+00
17:15:00,1.666663E-01,2.352201E+03,8.516230E-01,1.218739E+04,1.332497E+04,1.666663E-01,9.244679E+03,1.666663E-01,0.000000E+00,0.000000E+00,2.465386E-01,3.479458E+03,9.307034E-01,1.410072E+04,1.624268E+04,2.465386E-01,1.367505E+04,2.465386E-01,0.000000E+00,0.000000E+00,6.622335E-02,9.346260E+02,3.701330E-01,5.224064E+03,5.638403E+03,6.622335E-02,3.673290E+03,6.622335E-02,0.000000E+00,0.000000E+00,1.320196E-01,1.863224E+03,4.294524E-01,6.725948E+03,8.535161E+03,1.320196E-01,7.322888E+03,1.320196E-01,0.000000E+00,0.000000E+00
17:30:00,1.666663E-01,2.406631E+03,8.451185E-01,1.205535E+04,1.319165E+04,1.666663E-01,9.244679E+03,1.666663E-01,0.000000E+00,0.000000E+00,2.465386E-01,3.559972E+03,9.293055E-01,1.400352E+04,1.614062E+04,2.465386E-01,1.367505E+04,2.465386E-01,0.000000E+00,0.000000E+00,6.622335E-02,9.562531E+02,3.677443E-01,5.173907E+03,5.586132E+03,6.622335E-02,3.673290E+03,6.622335E-02,0.000000E+00,0.000000E+00,1.320196E-01,1.906339E+03,4.290677E-01,6.678244E+03,8.484880E+03,1.320196E-01,7.322888E+03,1.320196E-01,0.000000E+00,0.000000E+00
17:45:00,1.666663E-01,2.461061E+03,8.380777E-01,1.191690E+04,1.305343E+04,1.666663E-01,9.244679E+03,1.666663E-01,0.000000E+00,0.000000E+00,2.465386E-01,3.640487E+03,9.271795E-01,1.389764E+04,1.603021E+04,2.465386E-01,1.367505E+04,2.465386E-01,0.000000E+00,0.000000E+00,6.622335E-02,9.778803E+02,3.651237E-01,5.120979E+03,5.531026E+03,6.622335E-02,3.673290E+03,6.622335E-02,0.000000E+00,0.000000E+00,1.320196E-01,1.949454E+03,4.284488E-01,6.627749E+03,8.431788E+03,1.320196E-01,7.322888E+03,1.320196E-01,0.000000E+00,0.000000E+00
18:00:00,1.666663E-01,2.515490E+03,8.306008E-01,1.177322E+04,1.290079E+04,1.666663E-01,9.244679E+03,1.666663E-01,0.000000E+00,0.000000E+00,2.465386E-01,3.721001E+03,9.240561E-01,1.377985E+04,1.590640E+04,2.465386E-01,1.367505E+04,2.465386E-01,0.000000E+00,0.000000E+00,6.622335E-02,9.995075E+02,3.622935E-01,5.065548E+03,5.473307E+03,6.622335E-02,3.673290E+03,6.622335E-02,0.000000E+00,0.000000E+00,1.320196E-01,1.992568E+03,4.274986E-01,6.573304E+03,8.373774E+03,1.320196E-01,7.322888E+03,1.320196E-01,0.000000E+00,0.000000E+00
18:15:00,1.666663E-01,2.597135E+03,8.277542E-01,1.165760E+04,1.278561E+04,1.666663E-01,9.244679E+03,1.666663E-01,0.000000E+00,0.000000E+00,2.465386E-01,3.841773E+03,9.195270E-01,1.360503E+04,1.572158E+04,2.465386E-01,1.367505E+04,2.465386E-01,0.000000E+00,0.000000E+00,6.622335E-02,1.031948E+03,3.592320E-01,4.996541E+03,5.401581E+03,6.622335E-02,3.673290E+03,6.622335E-02,0.000000E+00,0.000000E+00,1.320196E-01,2.057241E+03,4.243448E-01,6.471016E+03,8.252914E+03,1.320196E-01,7.322888E+03,1.320196E-01,0.000000E+00,0.000000E+00
18:30:00,1.666663E-01,2.678780E+03,8.249594E-01,1.154258E+04,1.266799E+04,1.666663E-01,9.244679E+03,1.666663E-01,0.000000E+00,0.000000E+00,2.465386E-01,3.962544E+03,9.133480E-01,1.341052E+04,1.551429E+04,2.465386E-01,1.367505E+04,2.465386E-01,0.000000E+00,0.000000E+00,6.622335E-02,1.064389E+03,3.560081E-01,4.925593E+03,5.327839E+03,6.622335E-02,3.673290E+03,6.622335E-02,0.000000E+00,0.000000E+00,1.320196E-01,2.121913E+03,4.205264E-01,6.360816E+03,8.134617E+03,1.320196E-01,7.322888E+03,1.320196E-01,0.000000E+00,0.000000E+00
18:45:00,1.666663E-01,2.760424E+03,8.220943E-01,1.142672E+04,1.254862E+04,1.666663E-01,9.244679E+03,1.666663E-01,0.000000E+00,0.000000E+00,2.465386E-01,4.083316E+03,9.050982E-01,1.319129E+04,1.528016E+04,2.465386E-01,1.367505E+04,2.465386E-01,0.000000E+00,0.000000E+00,6.622335E-02,1.096830E+03,3.526066E-01,4.852524E+03,5.251897E+03,6.622335E-02,3.673290E+03,6.622335E-02,0.000000E+00,0.000000E+00,1.320196E-01,2.186585E+03,4.159526E-01,6.241604E+03,8.005821E+03,1.320196E-01,7.322888E+03,1.320196E-01,0.000000E+00,0.000000E+00
19:00:00,1.666663E-01,2.842069E+03,8.191308E-01,1.130969E+04,1.242804E+04,1.666663E-01,9.244679E+03,1.666663E-01,0.000000E+00,0.000000E+00,2.465386E-01,4.204087E+03,8.957826E-01,1.295934E+04,1.503511E+04,2.465386E-01,1.367505E+04,2.465386E-01,0.000000E+00,0.000000E+00,6.622335E-02,1.129270E+03,3.490759E-01,4.777912E+03,5.174351E+03,6.622335E-02,3.673290E+03,6.622335E-02,0.000000E+00,0.000000E+00,1.320196E-01,2.251257E+03,4.109488E-01,6.117257E+03,7.865924E+03,1.320196E-01,7.322888E+03,1.320196E-01,0.000000E+00,0.000000E+00
19:15:00,1.666663E-01,2.901941E+03,8.212001E-01,1.127452E+04,1.240917E+04,1.666663E-01,9.244679E+03,1.666663E-01,0.000000E+00,0.000000E+00,2.465386E-01,4.292653E+03,8.867663E-01,1.276317E+04,1.482770E+04,2.465386E-01,1.367505E+04,2.465386E-01,0.000000E+00,0.000000E+00,6.622335E-02,1.153060E+03,3.457083E-01,4.713900E+03,5.107931E+03,6.622335E-02,3.673290E+03,6.622335E-02,0.000000E+00,0.000000E+00,1.320196E-01,2.298684E+03,4.076951E-01,6.031024E+03,7.772906E+03,1.320196E-01,7.322888E+03,1.320196E-01,0.000000E+00,0.000000E+00
19:30:00,1.666663E-01,2.961814E+03,8.236856E-01,1.124430E+04,1.237671E+04,1.666663E-01,9.244679E+03,1.666663E-01,0.000000E+00,0.000000E+00,2.465386E-01,4.381219E+03,8.790225E-01,1.258217E+04,1.463506E+04,2.465386E-01,1.367505E+04,2.465386E-01,0.000000E+00,0.000000E+00,6.622335E-02,1.176850E+03,3.426373E-01,4.653429E+03,5.045404E+03,6.622335E-02,3.673290E+03,6.622335E-02,0.000000E+00,0.000000E+00,1.320196E-01,2.346110E+03,4.048887E-01,5.950105E+03,7.683800E+03,1.320196E-01,7.322888E+03,1.320196E-01,0.000000E+00,0.000000E+00
19:45:00,1.666663E-01,3.021687E+03,8.264843E-01,1.121782E+04,1.234438E+04,1.666663E-01,9.244679E+03,1.666663E-01,0.000000E+00,0.000000E+00,2.465386E-01,4.469784E+03,8.729874E-01,1.242155E+04,1.446418E+04,2.465386E-01,1.367505E+04,2.465386E-01,0.000000E+00,0.000000E+00,6.622335E-02,1.200640E+03,3.398876E-01,4.596795E+03,4.986918E+03,6.622335E-02,3.673290E+03,6.622335E-02,0.000000E+00,0.000000E+00,1.320196E-01,2.393536E+03,4.026307E-01,5.875721E+03,7.602127E+03,1.320196E-01,7.322888E+03,1.320196E-01,0.000000E+00,0.000000E+00
20:00:00,1.666663E-01,3.081560E+03,8.295743E-01,1.119482E+04,1.232340E+04,1.666663E-01,9.244679E+03,1.666663E-01,0.000000E+00,0.000000E+00,2.465386E-01,4.558350E+03,8.679980E-01,1.227341E+04,1.430711E+04,2.465386E-01,1.367505E+04,2.465386E-01,0.000000E+00,0.000000E+00,6.622335E-02,1.224430E+03,3.374414E-01,4.543785E+03,4.932251E+03,6.622335E-02,3.673290E+03,6.622335E-02,0.000000E+00,0.000000E+00,1.320196E-01,2.440963E+03,4.007144E-01,5.805415E+03,7.525623E+03,1.320196E-01,7.322888E+03,1.320196E-01,0.000000E+00,0.000000E+00
20:15:00,1.666663E-01,3.130546E+03,8.279035E-01,1.112588E+04,1.224818E+04,1.666663E-01,9.244679E+03,1.666663E-01,0.000000E+00,0.000000E+00,2.465386E-01,4.630813E+03,8.633806E-01,1.214581E+04,1.417144E+04,2.465386E-01,1.367505E+04,2.465386E-01,0.000000E+00,0.000000E+00,6.622335E-02,1.243894E+03,3.351700E-01,4.497189E+03,4.884132E+03,6.622335E-02,3.673290E+03,6.622335E-02,0.000000E+00,0.000000E+00,1.320196E-01,2.479766E+03,3.985165E-01,5.740377E+03,7.451817E+03,1.320196E-01,7.322888E+03,1.320196E-01,0.000000E+00,0.000000E+00
20:30:00,1.666663E-01,3.179533E+03,8.261072E-01,1.105547E+04,1.217516E+04,1.666663E-01,9.244679E+03,1.666663E-01,0.000000E+00,0.000000E+00,2.465386E-01,4.703276E+03,8.589736E-01,1.202073E+04,1.403863E+04,2.465386E-01,1.367505E+04,2.465386E-01,0.000000E+00,0.000000E+00,6.622335E-02,1.263359E+03,3.329911E-01,4.451697E+03,4.837078E+03,6.622335E-02,3.673290E+03,6.622335E-02,0.000000E+00,0.000000E+00,1.320196E-01,2.518569E+03,3.963761E-01,5.676033E+03,7.381777E+03,1.320196E-01,7.322888E+03,1.320196E-01,0.000000E+00,0.000000E+00
20:45:00,1.666663E-01,3.228520E+03,8.243172E-01,1.098513E+04,1.210307E+04,1.666663E-01,9.244679E+03,1.666663E-01,0.000000E+00,0.000000E+00,2.465386E-01,4.775739E+03,8.547824E-01,1.189822E+04,1.390873E+04,2.465386E-01,1.367505E+04,2.465386E-01,0.000000E+00,0.000000E+00,6.622335E-02,1.282823E+03,3.308976E-01,4.407227E+03,4.791041E+03,6.622335E-02,3.673290E+03,6.622335E-02,0.000000E+00,0.000000E+00,1.320196E-01,2.557373E+03,3.943085E-01,5.612560E+03,7.312879E+03,1.320196E-01,7.322888E+03,1.320196E-01,0.000000E+00,0.000000E+00
21:00:00,1.666663E-01,3.277507E+03,8.225722E-01,1.091531E+04,1.203135E+04,1.666663E-01,9.244679E+03,1.666663E-01,0.000000E+00,0.000000E+00,2.465386E-01,4.848202E+03,8.508139E-01,1.177838E+04,1.378184E+04,2.465386E-01,1.367505E+04,2.465386E-01,0.000000E+00,0.000000E+00,6.622335E-02,1.302288E+03,3.288943E-01,4.363833E+03,4.746125E+03,6.622335E-02,3.673290E+03,6.622335E-02,0.000000E+00,0.000000E+00,1.320196E-01,2.596176E+03,3.923209E-01,5.550041E+03,7.243660E+03,1.320196E-01,7.322888E+03,1.320196E-01,0.000000E+00,0.000000E+00
21:15:00,1.666663E-01,3.326493E+03,8.158757E-01,1.078638E+04,1.188310E+04,1.666663E-01,9.244679E+03,1.666663E-01,0.000000E+00,0.000000E+00,2.465386E-01,4.920665E+03,8.469948E-01,1.166032E+04,1.365683E+04,2.465386E-01,1.367505E+04,2.465386E-01,0.000000E+00,0.000000E+00,6.622335E-02,1.321752E+03,3.269321E-01,4.320931E+03,4.701667E+03,6.622335E-02,3.673290E+03,6.622335E-02,0.000000E+00,0.000000E+00,1.320196E-01,2.634979E+03,3.908008E-01,5.493099E+03,7.182057E+03,1.320196E-01,7.322888E+03,1.320196E-01,0.000000E+00,0.000000E+00
21:30:00,1.666663E-01,3.375480E+03,8.089312E-01,1.065450E+04,1.174892E+04,1.666663E-01,9.244679E+03,1.666663E-01,0.000000E+00,0.000000E+00,2.465386E-01,4.993128E+03,8.433181E-01,1.154397E+04,1.353366E+04,2.465386E-01,1.367505E+04,2.465386E-01,0.000000E+00,0.000000E+00,6.622335E-02,1.341217E+03,3.249882E-01,4.278248E+03,4.657379E+03,6.622335E-02,3.673290E+03,6.622335E-02,0.000000E+00,0.000000E+00,1.320196E-01,2.673783E+03,3.893595E-01,5.437094E+03,7.121135E+03,1.320196E-01,7.322888E+03,1.320196E-01,0.000000E+00,0.000000E+00
21:45:00,1.666663E-01,3.424467E+03,8.018785E-01,1.052132E+04,1.161475E+04,1.666663E-01,9.244679E+03,1.666663E-01,0.000000E+00,0.000000E+00,2.465386E-01,5.065590E+03,8.397725E-01,1.142918E+04,1.341220E+04,2.465386E-01,1.367505E+04,2.465386E-01,0.000000E+00,0.000000E+00,6.622335E-02,1.360681E+03,3.230586E-01,4.235735E+03,4.613251E+03,6.622335E-02,3.673290E+03,6.622335E-02,0.000000E+00,0.000000E+00,1.320196E-01,2.712586E+03,3.879816E-01,5.381844E+03,7.061081E+03,1.320196E-01,7.322888E+03,1.320196E-01,0.000000E+00,0.000000E+00
22:00:00,1.666663E-01,3.473454E+03,7.947663E-01,1.038743E+04,1.147154E+04,1.666663E-01,9.244679E+03,1.666663E-01,0.000000E+00,0.000000E+00,2.465386E-01,5.138053E+03,8.363456E-01,1.131580E+04,1.329230E+04,2.465386E-01,1.367505E+04,2.465386E-01,0.000000E+00,0.000000E+00,6.622335E-02,1.380145E+03,3.211475E-01,4.193443E+03,4.569352E+03,6.622335E-02,3.673290E+03,6.622335E-02,0.000000E+00,0.000000E+00,1.320196E-01,2.751389E+03,3.866581E-01,5.327247E+03,7.001872E+03,1.320196E-01,7.322888E+03,1.320196E-01,0.000000E+00,0.000000E+00
22:15:00,1.666663E-01,3.511554E+03,7.864714E-01,1.025029E+04,1.131253E+04,1.666663E-01,9.244679E+03,1.666663E-01,0.000000E+00,0.000000E+00,2.465386E-01,5.194413E+03,8.330963E-01,1.122065E+04,1.319132E+04,2.465386E-01,1.367505E+04,2.465386E-01,0.000000E+00,0.000000E+00,6.622335E-02,1.395284E+03,3.192911E-01,4.156131E+03,4.530564E+03,6.622335E-02,3.673290E+03,6.622335E-02,0.000000E+00,0.000000E+00,1.320196E-01,2.781570E+03,3.854067E-01,5.282132E+03,6.952639E+03,1.320196E-01,7.322888E+03,1.320196E-01,0.000000E+00,0.000000E+00
22:30:00,1.666663E-01,3.549655E+03,7.781335E-01,1.011265E+04,1.111614E+04,1.666663E-01,9.244679E+03,1.666663E-01,0.000000E+00,0.000000E+00,2.465386E-01,5.250773E+03,8.300142E-01,1.112750E+04,1.309247E+04,2.465386E-01,1.367505E+04,2.465386E-01,0.000000E+00,0.000000E+00,6.622335E-02,1.410423E+03,3.174866E-01,4.119437E+03,4.492407E+03,6.622335E-02,3.673290E+03,6.622335E-02,0.000000E+00,0.000000E+00,1.320196E-01,2.811750E+03,3.842217E-01,5.237812E+03,6.904318E+03,1.320196E-01,7.322888E+03,1.320196E-01,0.000000E+00,0.000000E+00
22:45:00,1.666663E-01,3.587756E+03,7.697876E-01,9.974918E+03,1.091689E+04,1.666663E-01,9.244679E+03,1.666663E-01,0.000000E+00,0.000000E+00,2.465386E-01,5.307133E+03,8.270907E-01,1.103624E+04,1.299561E+04,2.465386E-01,1.367505E+04,2.465386E-01,0.000000E+00,0.000000E+00,6.622335E-02,1.425562E+03,3.157353E-01,4.083380E+03,4.454919E+03,6.622335E-02,3.673290E+03,6.622335E-02,0.000000E+00,0.000000E+00,1.320196E-01,2.841931E+03,3.830993E-01,5.194237E+03,6.856836E+03,1.320196E-01,7.322888E+03,1.320196E-01,0.000000E+00,0.000000E+00
23:00:00,1.666663E-01,3.625857E+03,7.614507E-01,9.837308E+03,1.073251E+04,1.666663E-01,9.244679E+03,1.666663E-01,0.000000E+00,0.000000E+00,2.465386E-01,5.363494E+03,8.243186E-01,1.094678E+04,1.290082E+04,2.465386E-01,1.367505E+04,2.465386E-01,0.000000E+00,0.000000E+00,6.622335E-02,1.440701E+03,3.140397E-01,4.047988E+03,4.418153E+03,6.622335E-02,3.673290E+03,6.622335E-02,0.000000E+00,0.000000E+00,1.320196E-01,2.872111E+03,3.820360E-01,5.151368E+03,6.810231E+03,1.320196E-01,7.322888E+03,1.320196E-01,0.000000E+00,0.000000E+00
23:15:00,1.666663E-01,3.663958E+03,7.553180E-01,9.726021E+03,1.059471E+04,1.666663E-01,9.244679E+03,1.666663E-01,0.000000E+00,0.000000E+00,2.465386E-01,5.419854E+03,8.216205E-01,1.085821E+04,1.280698E+04,2.465386E-01,1.367505E+04,2.465386E-01,0.000000E+00,0.000000E+00,6.622335E-02,1.455841E+03,3.123511E-01,4.012679E+03,4.381411E+03,6.622335E-02,3.673290E+03,6.622335E-02,0.000000E+00,0.000000E+00,1.320196E-01,2.902291E+03,3.810045E-01,5.108878E+03,6.764058E+03,1.320196E-01,7.322888E+03,1.320196E-01,0.000000E+00,0.000000E+00
23:30:00,1.666663E-01,3.702058E+03,7.543875E-01,9.676865E+03,1.051607E+04,1.666663E-01,9.244679E+03,1.666663E-01,0.000000E+00,0.000000E+00,2.465386E-01,5.476214E+03,8.189900E-01,1.077045E+04,1.271402E+04,2.465386E-01,1.367505E+04,2.465386E-01,0.000000E+00,0.000000E+00,6.622335E-02,1.470980E+03,3.106477E-01,3.977194E+03,4.344408E+03,6.622335E-02,3.673290E+03,6.622335E-02,0.000000E+00,0.000000E+00,1.320196E-01,2.932472E+03,3.800017E-01,5.066733E+03,6.718295E+03,1.320196E-01,7.322888E+03,1.320196E-01,0.000000E+00,0.000000E+00
23:45:00,1.666663E-01,3.740159E+03,7.534798E-01,9.627977E+03,1.043061E+04,1.666663E-01,9.244679E+03,1.666663E-01,0.000000E+00,0.000000E+00,2.465386E-01,5.532574E+03,8.164204E-01,1.068341E+04,1.262187E+04,2.465386E-01,1.367505E+04,2.465386E-01,0.000000E+00,0.000000E+00,6.622335E-02,1.486119E+03,3.089267E-01,3.941499E+03,4.307179E+03,6.622335E-02,3.673290E+03,6.622335E-02,0.000000E+00,0.000000E+00,1.320196E-01,2.962652E+03,3.790245E-01,5.024891E+03,6.672901E+03,1.320196E-01,7.322888E+03,1.320196E-01,0.000000E+00,0.000000E+00
24:00:00,1.666663E-01,3.778260E+03,7.525923E-01,9.579327E+03,1.034933E+04,1.666663E-01,9.244679E+03,1.666663E-01,0.000000E+00,0.000000E+00,2.465386E-01,5.588934E+03,8.139057E-01,1.059703E+04,1.253043E+04,2.465386E-01,1.367505E+04,2.465386E-01,0.000000E+00,0.000000E+00,6.622335E-02,1.501258E+03,3.071942E-01,3.905665E+03,4.269818E+03,6.622335E-02,3.673290E+03,6.622335E-02,0.000000E+00,0.000000E+00,1.320196E-01,2.992832E+03,3.780699E-01,4.983320E+03,6.627828E+03,1.320196E-01,7.322888E+03,1.320196E-01,0.000000E+00,0.000000E+00
Coinc Peak   ,1.666663E-01,8.573081E-01,9.244679E+03,1.259005E+04,2.465386E-01,9.366051E-01,1.367505E+04,1.465422E+04,6.622335E-02,3.840362E-01,3.673290E+03,5.532854E+03,1.320196E-01,4.400080E-01,7.322888E+03,7.136383E+03
NonCoinc Peak,1.666663E-01,8.608371E-01,9.244679E+03,1.259005E+04,2.465386E-01,9.366051E-01,1.367505E+04,1.465422E+04,6.622335E-02,3.840362E-01,3.673290E+03,5.532854E+03,1.320196E-01,4.400080E-01,7.322888E+03,7.136383E+03
