Time,EXERCISECENTERFLR1 ZN - EMPLOYEELOUNGEFLR1 ZN - RESTROOMFLR1 ZN SAC:DesPer 1:Des Heat Mass Flow [kg/s],EXERCISECENTERFLR1 ZN - EMPLOYEELOUNGEFLR1 ZN - RESTROOMFLR1 ZN SAC:DesPer 1:Des Heat Cap [W],EXERCISECENTERFLR1 ZN - EMPLOYEELOUNGEFLR1 ZN - RESTROOMFLR1 ZN SAC:DesPer 1:Des Cool Mass Flow [kg/s],EXERCISECENTERFLR1 ZN - EMPLOYEELOUNGEFLR1 ZN - RESTROOMFLR1 ZN SAC:DesPer 1:Des Sens Cool Cap [W],EXERCISECENTERFLR1 ZN - EMPLOYEELOUNGEFLR1 ZN - RESTROOMFLR1 ZN SAC:DesPer 1:Des Tot Cool Cap [W],EXERCISECENTERFLR1 ZN - EMPLOYEELOUNGEFLR1 ZN - RESTROOMFLR1 ZN SAC:DesPer 2:Des Heat Mass Flow [kg/s],EXERCISECENTERFLR1 ZN - EMPLOYEELOUNGEFLR1 ZN - RESTROOMFLR1 ZN SAC:DesPer 2:Des Heat Cap [W],EXERCISECENTERFLR1 ZN - EMPLOYEELOUNGEFLR1 ZN - RESTROOMFLR1 ZN SAC:DesPer 2:Des Cool Mass Flow [kg/s],EXERCISECENTERFLR1 ZN - EMPLOYEELOUNGEFLR1 ZN - RESTROOMFLR1 ZN SAC:DesPer 2:Des Sens Cool Cap [W],EXERCISECENTERFLR1 ZN - EMPLOYEELOUNGEFLR1 ZN - RESTROOMFLR1 ZN SAC:DesPer 2:Des Tot Cool Cap [W],FRONTLOUNGEFLR1 ZN SAC:DesPer 1:Des Heat Mass Flow [kg/s],FRONTLOUNGEFLR1 ZN SAC:DesPer 1:Des Heat Cap [W],FRONTLOUNGEFLR1 ZN SAC:DesPer 1:Des Cool Mass Flow [kg/s],FRONTLOUNGEFLR1 ZN SAC:DesPer 1:Des Sens Cool Cap [W],FRONTLOUNGEFLR1 ZN SAC:DesPer 1:Des Tot Cool Cap [W],FRONTLOUNGEFLR1 ZN SAC:DesPer 2:Des Heat Mass Flow [kg/s],FRONTLOUNGEFLR1 ZN SAC:DesPer 2:Des Heat Cap [W],FRONTLOUNGEFLR1 ZN SAC:DesPer 2:Des Cool Mass Flow [kg/s],FRONTLOUNGEFLR1 ZN SAC:DesPer 2:Des Sens Cool Cap [W],FRONTLOUNGEFLR1 ZN SAC:DesPer 2:Des Tot Cool Cap [W],FRONTOFFICEFLR1 ZN SAC:DesPer 1:Des Heat Mass Flow [kg/s],FRONTOFFICEFLR1 ZN SAC:DesPer 1:Des Heat Cap [W],FRONTOFFICEFLR1 ZN SAC:DesPer 1:Des Cool Mass Flow [kg/s],FRONTOFFICEFLR1 ZN SAC:DesPer 1:Des Sens Cool Cap [W],FRONTOFFICEFLR1 ZN SAC:DesPer 1:Des Tot Cool Cap [W],FRONTOFFICEFLR1 ZN SAC:DesPer 2:Des Heat Mass Flow [kg/s],FRONTOFFICEFLR1 ZN SAC:DesPer 2:Des Heat Cap [W],FRONTOFFICEFLR1 ZN SAC:DesPer 2:Des Cool Mass Flow [kg/s],FRONTOFFICEFLR1 ZN SAC:DesPer 2:Des Sens Cool Cap [W],FRONTOFFICEFLR1 ZN SAC:DesPer 2:Des Tot Cool Cap [W],MEETINGROOMFLR1 ZN SAC:DesPer 1:Des Heat Mass Flow [kg/s],MEETINGROOMFLR1 ZN SAC:DesPer 1:Des Heat Cap [W],MEETINGROOMFLR1 ZN SAC:DesPer 1:Des Cool Mass Flow [kg/s],MEETINGROOMFLR1 ZN SAC:DesPer 1:Des Sens Cool Cap [W],MEETINGROOMFLR1 ZN SAC:DesPer 1:Des Tot Cool Cap [W],MEETINGROOMFLR1 ZN SAC:DesPer 2:Des Heat Mass Flow [kg/s],MEETINGROOMFLR1 ZN SAC:DesPer 2:Des Heat Cap [W],MEETINGROOMFLR1 ZN SAC:DesPer 2:Des Cool Mass Flow [kg/s],MEETINGROOMFLR1 ZN SAC:DesPer 2:Des Sens Cool Cap [W],MEETINGROOMFLR1 ZN SAC:DesPer 2:Des Tot Cool Cap [W]
00:15:00,1.911740E-01,4.665026E+03,7.376914E-01,9.157937E+03,1.378071E+04,1.911740E-01,1.164143E+04,1.911740E-01,0.000000E+00,0.000000E+00,2.827913E-01,6.900669E+03,7.800213E-01,9.831964E+03,1.731470E+04,2.827913E-01,1.722041E+04,2.827913E-01,0.000000E+00,0.000000E+00,7.596128E-02,1.853606E+03,2.859368E-01,3.554709E+03,5.581324E+03,7.596128E-02,4.625619E+03,7.596128E-02,0.000000E+00,0.000000E+00,1.514326E-01,3.695257E+03,3.626747E-01,4.606964E+03,9.041840E+03,1.514326E-01,9.221404E+03,1.514326E-01,0.000000E+00,0.000000E+00
00:30:00,1.911740E-01,4.694994E+03,7.369464E-01,9.119087E+03,1.373319E+04,1.911740E-01,1.164143E+04,1.911740E-01,0.000000E+00,0.000000E+00,2.827913E-01,6.944999E+03,7.779885E-01,9.763369E+03,1.724075E+04,2.827913E-01,1.722041E+04,2.827913E-01,0.000000E+00,0.000000E+00,7.596128E-02,1.865514E+03,2.844789E-01,3.525389E+03,5.550158E+03,7.596128E-02,4.625619E+03,7.596128E-02,0.000000E+00,0.000000E+00,1.514326E-01,3.718995E+03,3.619007E-01,4.573990E+03,9.005271E+03,1.514326E-01,9.221404E+03,1.514326E-01,0.000000E+00,0.000000E+00
00:45:00,1.911740E-01,4.724962E+03,7.362239E-01,9.080503E+03,1.368865E+04,1.911740E-01,1.164143E+04,1.911740E-01,0.000000E+00,0.000000E+00,2.827913E-01,6.989329E+03,7.760284E-01,9.695641E+03,1.716774E+04,2.827913E-01,1.722041E+04,2.827913E-01,0.000000E+00,0.000000E+00,7.596128E-02,1.877421E+03,2.831228E-01,3.497285E+03,5.520383E+03,7.596128E-02,4.625619E+03,7.596128E-02,0.000000E+00,0.000000E+00,1.514326E-01,3.742734E+03,3.611545E-01,4.541347E+03,8.969102E+03,1.514326E-01,9.221404E+03,1.514326E-01,0.000000E+00,0.000000E+00
01:00:00,1.911740E-01,4.754930E+03,7.355237E-01,9.042182E+03,1.364621E+04,1.911740E-01,1.164143E+04,1.911740E-01,0.000000E+00,0.000000E+00,2.827913E-01,7.033658E+03,7.741393E-01,9.628761E+03,1.709573E+04,2.827913E-01,1.722041E+04,2.827913E-01,0.000000E+00,0.000000E+00,7.596128E-02,1.889329E+03,2.818551E-01,3.470235E+03,5.491787E+03,7.596128E-02,4.625619E+03,7.596128E-02,0.000000E+00,0.000000E+00,1.514326E-01,3.766472E+03,3.604357E-01,4.509033E+03,8.933368E+03,1.514326E-01,9.221404E+03,1.514326E-01,0.000000E+00,0.000000E+00
01:15:00,1.911740E-01,4.774909E+03,7.348542E-01,9.014215E+03,1.361563E+04,1.911740E-01,1.164143E+04,1.911740E-01,0.000000E+00,0.000000E+00,2.827913E-01,7.063212E+03,7.723544E-01,9.577900E+03,1.704048E+04,2.827913E-01,1.722041E+04,2.827913E-01,0.000000E+00,0.000000E+00,7.596128E-02,1.897267E+03,2.806826E-01,3.448292E+03,5.468551E+03,7.596128E-02,4.625619E+03,7.596128E-02,0.000000E+00,0.000000E+00,1.514326E-01,3.782297E+03,3.597559E-01,4.485095E+03,8.906447E+03,1.514326E-01,9.221404E+03,1.514326E-01,0.000000E+00,0.000000E+00
01:30:00,1.911740E-01,4.794888E+03,7.342151E-01,8.986610E+03,1.358632E+04,1.911740E-01,1.164143E+04,1.911740E-01,0.000000E+00,0.000000E+00,2.827913E-01,7.092765E+03,7.706724E-01,9.528268E+03,1.698658E+04,2.827913E-01,1.722041E+04,2.827913E-01,0.000000E+00,0.000000E+00,7.596128E-02,1.905205E+03,2.795923E-01,3.427331E+03,5.446378E+03,7.596128E-02,4.625619E+03,7.596128E-02,0.000000E+00,0.000000E+00,1.514326E-01,3.798123E+03,3.591143E-01,4.461614E+03,8.880086E+03,1.514326E-01,9.221404E+03,1.514326E-01,0.000000E+00,0.000000E+00
01:45:00,1.911740E-01,4.814866E+03,7.336064E-01,8.959367E+03,1.355808E+04,1.911740E-01,1.164143E+04,1.911740E-01,0.000000E+00,0.000000E+00,2.827913E-01,7.122318E+03,7.690927E-01,9.479857E+03,1.693400E+04,2.827913E-01,1.722041E+04,2.827913E-01,0.000000E+00,0.000000E+00,7.596128E-02,1.913144E+03,2.785766E-01,3.407262E+03,5.425151E+03,7.596128E-02,4.625619E+03,7.596128E-02,0.000000E+00,0.000000E+00,1.514326E-01,3.813948E+03,3.585107E-01,4.438585E+03,8.854269E+03,1.514326E-01,9.221404E+03,1.514326E-01,0.000000E+00,0.000000E+00
02:00:00,1.911740E-01,4.834845E+03,7.330283E-01,8.932487E+03,1.353079E+04,1.911740E-01,1.164143E+04,1.911740E-01,0.000000E+00,0.000000E+00,2.827913E-01,7.151871E+03,7.676147E-01,9.432659E+03,1.688289E+04,2.827913E-01,1.722041E+04,2.827913E-01,0.000000E+00,0.000000E+00,7.596128E-02,1.921082E+03,2.776300E-01,3.388017E+03,5.404820E+03,7.596128E-02,4.625619E+03,7.596128E-02,0.000000E+00,0.000000E+00,1.514326E-01,3.829774E+03,3.579445E-01,4.416002E+03,8.829061E+03,1.514326E-01,9.221404E+03,1.514326E-01,0.000000E+00,0.000000E+00
02:15:00,1.911740E-01,4.849829E+03,7.324723E-01,8.910867E+03,1.350932E+04,1.911740E-01,1.164143E+04,1.911740E-01,0.000000E+00,0.000000E+00,2.827913E-01,7.174036E+03,7.662029E-01,9.393641E+03,1.684031E+04,2.827913E-01,1.722041E+04,2.827913E-01,0.000000E+00,0.000000E+00,7.596128E-02,1.927036E+03,2.767304E-01,3.371318E+03,5.387105E+03,7.596128E-02,4.625619E+03,7.596128E-02,0.000000E+00,0.000000E+00,1.514326E-01,3.841643E+03,3.574035E-01,4.397678E+03,8.808324E+03,1.514326E-01,9.221404E+03,1.514326E-01,0.000000E+00,0.000000E+00
02:30:00,1.911740E-01,4.864813E+03,7.319382E-01,8.889508E+03,1.348843E+04,1.911740E-01,1.164143E+04,1.911740E-01,0.000000E+00,0.000000E+00,2.827913E-01,7.196201E+03,7.648565E-01,9.355403E+03,1.679860E+04,2.827913E-01,1.722041E+04,2.827913E-01,0.000000E+00,0.000000E+00,7.596128E-02,1.932990E+03,2.758745E-01,3.355141E+03,5.369926E+03,7.596128E-02,4.625619E+03,7.596128E-02,0.000000E+00,0.000000E+00,1.514326E-01,3.853512E+03,3.568873E-01,4.379649E+03,8.787950E+03,1.514326E-01,9.221404E+03,1.514326E-01,0.000000E+00,0.000000E+00
02:45:00,1.911740E-01,4.879797E+03,7.314256E-01,8.868404E+03,1.346806E+04,1.911740E-01,1.164143E+04,1.911740E-01,0.000000E+00,0.000000E+00,2.827913E-01,7.218366E+03,7.635745E-01,9.317934E+03,1.675774E+04,2.827913E-01,1.722041E+04,2.827913E-01,0.000000E+00,0.000000E+00,7.596128E-02,1.938943E+03,2.750597E-01,3.339455E+03,5.353256E+03,7.596128E-02,4.625619E+03,7.596128E-02,0.000000E+00,0.000000E+00,1.514326E-01,3.865381E+03,3.563953E-01,4.361909E+03,8.767933E+03,1.514326E-01,9.221404E+03,1.514326E-01,0.000000E+00,0.000000E+00
03:00:00,1.911740E-01,4.894781E+03,7.309341E-01,8.847553E+03,1.344817E+04,1.911740E-01,1.164143E+04,1.911740E-01,0.000000E+00,0.000000E+00,2.827913E-01,7.240531E+03,7.623561E-01,9.281223E+03,1.671779E+04,2.827913E-01,1.722041E+04,2.827913E-01,0.000000E+00,0.000000E+00,7.596128E-02,1.944897E+03,2.742843E-01,3.324239E+03,5.337087E+03,7.596128E-02,4.625619E+03,7.596128E-02,0.000000E+00,0.000000E+00,1.514326E-01,3.877250E+03,3.559271E-01,4.344452E+03,8.748300E+03,1.514326E-01,9.221404E+03,1.514326E-01,0.000000E+00,0.000000E+00
03:15:00,1.911740E-01,4.909765E+03,7.304549E-01,8.826849E+03,1.342859E+04,1.911740E-01,1.164143E+04,1.911740E-01,0.000000E+00,0.000000E+00,2.827913E-01,7.262696E+03,7.611656E-01,9.244847E+03,1.667820E+04,2.827913E-01,1.722041E+04,2.827913E-01,0.000000E+00,0.000000E+00,7.596128E-02,1.950851E+03,2.735288E-01,3.309262E+03,5.321139E+03,7.596128E-02,4.625619E+03,7.596128E-02,0.000000E+00,0.000000E+00,1.514326E-01,3.889120E+03,3.554703E-01,4.327132E+03,8.728826E+03,1.514326E-01,9.221404E+03,1.514326E-01,0.000000E+00,0.000000E+00
03:30:00,1.911740E-01,4.924749E+03,7.299873E-01,8.806282E+03,1.340928E+04,1.911740E-01,1.164143E+04,1.911740E-01,0.000000E+00,0.000000E+00,2.827913E-01,7.284860E+03,7.600016E-01,9.208786E+03,1.663897E+04,2.827913E-01,1.722041E+04,2.827913E-01,0.000000E+00,0.000000E+00,7.596128E-02,1.956805E+03,2.727917E-01,3.294505E+03,5.305406E+03,7.596128E-02,4.625619E+03,7.596128E-02,0.000000E+00,0.000000E+00,1.514326E-01,3.900989E+03,3.550243E-01,4.309941E+03,8.709517E+03,1.514326E-01,9.221404E+03,1.514326E-01,0.000000E+00,0.000000E+00
03:45:00,1.911740E-01,4.939733E+03,7.295304E-01,8.785845E+03,1.339021E+04,1.911740E-01,1.164143E+04,1.911740E-01,0.000000E+00,0.000000E+00,2.827913E-01,7.307025E+03,7.588623E-01,9.173022E+03,1.660009E+04,2.827913E-01,1.722041E+04,2.827913E-01,0.000000E+00,0.000000E+00,7.596128E-02,1.962758E+03,2.720717E-01,3.279950E+03,5.289876E+03,7.596128E-02,4.625619E+03,7.596128E-02,0.000000E+00,0.000000E+00,1.514326E-01,3.912858E+03,3.545884E-01,4.292870E+03,8.690362E+03,1.514326E-01,9.221404E+03,1.514326E-01,0.000000E+00,0.000000E+00
04:00:00,1.911740E-01,4.954717E+03,7.290836E-01,8.765527E+03,1.337135E+04,1.911740E-01,1.164143E+04,1.911740E-01,0.000000E+00,0.000000E+00,2.827913E-01,7.329190E+03,7.577462E-01,9.137533E+03,1.656153E+04,2.827913E-01,1.722041E+04,2.827913E-01,0.000000E+00,0.000000E+00,7.596128E-02,1.968712E+03,2.713673E-01,3.265584E+03,5.274539E+03,7.596128E-02,4.625619E+03,7.596128E-02,0.000000E+00,0.000000E+00,1.514326E-01,3.924727E+03,3.541617E-01,4.275909E+03,8.671350E+03,1.514326E-01,9.221404E+03,1.514326E-01,0.000000E+00,0.000000E+00
04:15:00,1.911740E-01,4.964707E+03,7.286546E-01,8.750415E+03,1.335789E+04,1.911740E-01,1.164143E+04,1.911740E-01,0.000000E+00,0.000000E+00,2.827913E-01,7.343967E+03,7.566858E-01,9.110098E+03,1.653142E+04,2.827913E-01,1.722041E+04,2.827913E-01,0.000000E+00,0.000000E+00,7.596128E-02,1.972681E+03,2.706950E-01,3.253584E+03,5.261681E+03,7.596128E-02,4.625619E+03,7.596128E-02,0.000000E+00,0.000000E+00,1.514326E-01,3.932640E+03,3.537552E-01,4.263145E+03,8.656766E+03,1.514326E-01,9.221404E+03,1.514326E-01,0.000000E+00,0.000000E+00
04:30:00,1.911740E-01,4.974696E+03,7.282429E-01,8.735512E+03,1.334468E+04,1.911740E-01,1.164143E+04,1.911740E-01,0.000000E+00,0.000000E+00,2.827913E-01,7.358743E+03,7.556805E-01,9.083320E+03,1.650205E+04,2.827913E-01,1.722041E+04,2.827913E-01,0.000000E+00,0.000000E+00,7.596128E-02,1.976651E+03,2.700539E-01,3.241958E+03,5.249237E+03,7.596128E-02,4.625619E+03,7.596128E-02,0.000000E+00,0.000000E+00,1.514326E-01,3.940552E+03,3.533685E-01,4.250619E+03,8.642481E+03,1.514326E-01,9.221404E+03,1.514326E-01,0.000000E+00,0.000000E+00
04:45:00,1.911740E-01,4.984685E+03,7.278486E-01,8.720815E+03,1.333171E+04,1.911740E-01,1.164143E+04,1.911740E-01,0.000000E+00,0.000000E+00,2.827913E-01,7.373520E+03,7.547296E-01,9.057192E+03,1.647339E+04,2.827913E-01,1.722041E+04,2.827913E-01,0.000000E+00,0.000000E+00,7.596128E-02,1.980620E+03,2.694435E-01,3.230699E+03,5.237190E+03,7.596128E-02,4.625619E+03,7.596128E-02,0.000000E+00,0.000000E+00,1.514326E-01,3.948465E+03,3.530014E-01,4.238325E+03,8.628482E+03,1.514326E-01,9.221404E+03,1.514326E-01,0.000000E+00,0.000000E+00
05:00:00,1.911740E-01,4.994675E+03,7.274716E-01,8.706325E+03,1.331899E+04,1.911740E-01,1.164143E+04,1.911740E-01,0.000000E+00,0.000000E+00,2.827913E-01,7.388297E+03,7.538327E-01,9.031708E+03,1.644552E+04,2.827913E-01,1.722041E+04,2.827913E-01,0.000000E+00,0.000000E+00,7.596128E-02,1.984589E+03,2.688635E-01,3.219802E+03,5.225546E+03,7.596128E-02,4.625619E+03,7.596128E-02,0.000000E+00,0.000000E+00,1.514326E-01,3.956378E+03,3.526538E-01,4.226264E+03,8.614802E+03,1.514326E-01,9.221404E+03,1.514326E-01,0.000000E+00,0.000000E+00
05:15:00,1.911740E-01,4.984685E+03,7.271914E-01,8.712969E+03,1.332803E+04,1.911740E-01,1.164143E+04,1.911740E-01,0.000000E+00,0.000000E+00,2.827913E-01,7.373520E+03,7.538127E-01,9.046244E+03,1.646325E+04,2.827913E-01,1.722041E+04,2.827913E-01,0.000000E+00,0.000000E+00,7.596128E-02,1.980620E+03,2.684863E-01,3.219266E+03,5.225143E+03,7.596128E-02,4.625619E+03,7.596128E-02,0.000000E+00,0.000000E+00,1.514326E-01,3.948465E+03,3.525872E-01,4.233381E+03,8.623229E+03,1.514326E-01,9.221404E+03,1.514326E-01,0.000000E+00,0.000000E+00
05:30:00,1.911740E-01,4.974696E+03,7.270457E-01,8.721218E+03,1.333857E+04,1.911740E-01,1.164143E+04,1.911740E-01,0.000000E+00,0.000000E+00,2.827913E-01,7.358743E+03,7.558199E-01,9.084969E+03,1.651293E+04,2.827913E-01,1.722041E+04,2.827913E-01,0.000000E+00,0.000000E+00,7.596128E-02,1.976651E+03,2.683705E-01,3.221851E+03,5.228463E+03,7.596128E-02,4.625619E+03,7.596128E-02,0.000000E+00,0.000000E+00,1.514326E-01,3.940552E+03,3.531756E-01,4.248310E+03,8.643741E+03,1.514326E-01,9.221404E+03,1.514326E-01,0.000000E+00,0.000000E+00
05:45:00,1.911740E-01,4.964707E+03,7.270824E-01,8.731644E+03,1.335123E+04,1.911740E-01,1.164143E+04,1.911740E-01,0.000000E+00,0.000000E+00,2.827913E-01,7.343967E+03,7.598473E-01,9.147797E+03,1.658882E+04,2.827913E-01,1.722041E+04,2.827913E-01,0.000000E+00,0.000000E+00,7.596128E-02,1.972681E+03,2.685808E-01,3.228331E+03,5.236311E+03,7.596128E-02,4.625619E+03,7.596128E-02,0.000000E+00,0.000000E+00,1.514326E-01,3.932640E+03,3.544460E-01,4.271369E+03,8.674252E+03,1.514326E-01,9.221404E+03,1.514326E-01,0.000000E+00,0.000000E+00
06:00:00,1.911740E-01,4.954717E+03,7.273336E-01,8.744629E+03,1.336646E+04,1.911740E-01,1.164143E+04,1.911740E-01,0.000000E+00,0.000000E+00,2.827913E-01,7.329190E+03,7.654418E-01,9.229326E+03,1.668407E+04,2.827913E-01,1.722041E+04,2.827913E-01,0.000000E+00,0.000000E+00,7.596128E-02,1.968712E+03,2.691520E-01,3.239119E+03,5.249164E+03,7.596128E-02,4.625619E+03,7.596128E-02,0.000000E+00,0.000000E+00,1.514326E-01,3.924727E+03,3.562510E-01,4.300806E+03,8.711904E+03,1.514326E-01,9.221404E+03,1.514326E-01,0.000000E+00,0.000000E+00
06:15:00,1.911740E-01,4.919755E+03,7.277753E-01,8.784862E+03,1.340940E+04,1.911740E-01,1.164143E+04,1.911740E-01,0.000000E+00,0.000000E+00,2.827913E-01,7.277472E+03,7.716329E-01,9.354918E+03,1.682517E+04,2.827913E-01,1.722041E+04,2.827913E-01,0.000000E+00,0.000000E+00,7.596128E-02,1.954820E+03,2.700273E-01,3.263464E+03,5.276303E+03,7.596128E-02,4.625619E+03,7.596128E-02,0.000000E+00,0.000000E+00,1.514326E-01,3.897032E+03,3.582781E-01,4.352674E+03,8.773023E+03,1.514326E-01,9.221404E+03,1.514326E-01,0.000000E+00,0.000000E+00
06:30:00,1.911740E-01,4.884792E+03,7.283956E-01,8.827195E+03,1.347225E+04,1.911740E-01,1.164143E+04,1.911740E-01,0.000000E+00,0.000000E+00,2.827913E-01,7.225754E+03,7.773098E-01,9.474381E+03,1.695845E+04,2.827913E-01,1.722041E+04,2.827913E-01,0.000000E+00,0.000000E+00,7.596128E-02,1.940928E+03,2.712428E-01,3.291870E+03,5.308055E+03,7.596128E-02,4.625619E+03,7.596128E-02,0.000000E+00,0.000000E+00,1.514326E-01,3.869338E+03,3.601543E-01,4.402745E+03,8.831326E+03,1.514326E-01,9.221404E+03,1.514326E-01,0.000000E+00,0.000000E+00
06:45:00,1.911740E-01,4.849829E+03,7.291480E-01,8.871097E+03,1.354092E+04,1.911740E-01,1.164143E+04,1.911740E-01,0.000000E+00,0.000000E+00,2.827913E-01,7.174036E+03,7.819718E-01,9.581744E+03,1.707532E+04,2.827913E-01,1.722041E+04,2.827913E-01,0.000000E+00,0.000000E+00,7.596128E-02,1.927036E+03,2.727237E-01,3.323448E+03,5.343121E+03,7.596128E-02,4.625619E+03,7.596128E-02,0.000000E+00,0.000000E+00,1.514326E-01,3.841643E+03,3.616755E-01,4.448589E+03,8.882849E+03,1.514326E-01,9.221404E+03,1.514326E-01,0.000000E+00,0.000000E+00
07:00:00,1.911740E-01,4.814866E+03,7.300017E-01,8.916202E+03,1.360505E+04,1.911740E-01,1.164143E+04,1.911740E-01,0.000000E+00,0.000000E+00,2.827913E-01,7.122318E+03,7.858716E-01,9.680021E+03,1.718169E+04,2.827913E-01,1.722041E+04,2.827913E-01,0.000000E+00,0.000000E+00,7.596128E-02,1.913144E+03,2.744237E-01,3.357641E+03,5.380887E+03,7.596128E-02,4.625619E+03,7.596128E-02,0.000000E+00,0.000000E+00,1.514326E-01,3.813948E+03,3.629114E-01,4.491033E+03,8.929895E+03,1.514326E-01,9.221404E+03,1.514326E-01,0.000000E+00,0.000000E+00
07:15:00,1.911740E-01,4.729957E+03,7.309808E-01,9.012745E+03,1.371405E+04,1.911740E-01,1.164143E+04,1.911740E-01,0.000000E+00,0.000000E+00,2.827913E-01,6.996717E+03,7.893959E-01,9.847702E+03,1.736027E+04,2.827913E-01,1.722041E+04,2.827913E-01,0.000000E+00,0.000000E+00,7.596128E-02,1.879406E+03,2.764232E-01,3.415257E+03,5.443091E+03,7.596128E-02,4.625619E+03,7.596128E-02,0.000000E+00,0.000000E+00,1.514326E-01,3.746690E+03,3.643961E-01,4.576011E+03,9.024493E+03,1.514326E-01,9.221404E+03,1.514326E-01,0.000000E+00,0.000000E+00
07:30:00,1.911740E-01,4.645047E+03,7.320655E-01,9.110541E+03,1.382717E+04,1.911740E-01,1.164143E+04,1.911740E-01,0.000000E+00,0.000000E+00,2.827913E-01,6.871116E+03,7.924935E-01,1.001029E+04,1.753224E+04,2.827913E-01,1.722041E+04,2.827913E-01,0.000000E+00,0.000000E+00,7.596128E-02,1.845668E+03,2.786792E-01,3.475937E+03,5.508550E+03,7.596128E-02,4.625619E+03,7.596128E-02,0.000000E+00,0.000000E+00,1.514326E-01,3.679432E+03,3.657372E-01,4.659272E+03,9.114006E+03,1.514326E-01,9.221404E+03,1.514326E-01,0.000000E+00,0.000000E+00
07:45:00,1.911740E-01,4.560138E+03,7.453853E-01,9.354420E+03,1.413645E+04,1.911740E-01,1.164143E+04,1.911740E-01,0.000000E+00,0.000000E+00,2.827913E-01,6.745515E+03,7.957451E-01,1.017471E+04,1.770636E+04,2.827913E-01,1.722041E+04,2.827913E-01,0.000000E+00,0.000000E+00,7.596128E-02,1.811930E+03,2.812125E-01,3.539929E+03,5.577443E+03,7.596128E-02,4.625619E+03,7.596128E-02,0.000000E+00,0.000000E+00,1.514326E-01,3.612173E+03,3.671249E-01,4.743086E+03,9.203957E+03,1.514326E-01,9.221404E+03,1.514326E-01,0.000000E+00,0.000000E+00
08:00:00,1.911740E-01,4.475228E+03,7.597622E-01,9.610905E+03,1.445728E+04,1.911740E-01,1.164143E+04,1.911740E-01,0.000000E+00,0.000000E+00,2.827913E-01,6.619914E+03,7.995028E-01,1.034517E+04,1.788826E+04,2.827913E-01,1.722041E+04,2.827913E-01,0.000000E+00,0.000000E+00,7.596128E-02,1.778192E+03,2.840240E-01,3.607243E+03,5.649866E+03,7.596128E-02,4.625619E+03,7.596128E-02,0.000000E+00,0.000000E+00,1.514326E-01,3.544915E+03,3.686810E-01,4.828908E+03,9.298096E+03,1.514326E-01,9.221404E+03,1.514326E-01,0.000000E+00,0.000000E+00
08:15:00,1.911740E-01,4.380330E+03,7.635951E-01,9.751485E+03,1.460929E+04,1.911740E-01,1.164143E+04,1.911740E-01,0.000000E+00,0.000000E+00,2.827913E-01,6.479536E+03,8.039855E-01,1.053905E+04,1.809640E+04,2.827913E-01,1.722041E+04,2.827913E-01,0.000000E+00,0.000000E+00,7.596128E-02,1.740485E+03,2.870873E-01,3.681533E+03,5.729666E+03,7.596128E-02,4.625619E+03,7.596128E-02,0.000000E+00,0.000000E+00,1.514326E-01,3.469744E+03,3.740662E-01,4.968317E+03,9.480571E+03,1.514326E-01,9.221404E+03,1.514326E-01,0.000000E+00,0.000000E+00
08:30:00,1.911740E-01,4.285431E+03,7.671793E-01,9.889146E+03,1.475356E+04,1.911740E-01,1.164143E+04,1.911740E-01,0.000000E+00,0.000000E+00,2.827913E-01,6.339159E+03,8.091022E-01,1.074049E+04,1.831210E+04,2.827913E-01,1.722041E+04,2.827913E-01,0.000000E+00,0.000000E+00,7.596128E-02,1.702777E+03,2.904267E-01,3.759122E+03,5.812989E+03,7.596128E-02,4.625619E+03,7.596128E-02,0.000000E+00,0.000000E+00,1.514326E-01,3.394572E+03,3.798644E-01,5.112620E+03,9.642991E+03,1.514326E-01,9.221404E+03,1.514326E-01,0.000000E+00,0.000000E+00
08:45:00,1.911740E-01,4.190532E+03,7.708660E-01,1.002804E+04,1.489758E+04,1.911740E-01,1.164143E+04,1.911740E-01,0.000000E+00,0.000000E+00,2.827913E-01,6.198781E+03,8.147429E-01,1.094818E+04,1.853426E+04,2.827913E-01,1.722041E+04,2.827913E-01,0.000000E+00,0.000000E+00,7.596128E-02,1.665070E+03,2.941395E-01,3.841169E+03,5.901184E+03,7.596128E-02,4.625619E+03,7.596128E-02,0.000000E+00,0.000000E+00,1.514326E-01,3.319401E+03,3.859506E-01,5.260360E+03,9.805109E+03,1.514326E-01,9.221404E+03,1.514326E-01,0.000000E+00,0.000000E+00
09:00:00,1.911740E-01,4.095633E+03,7.748081E-01,1.016999E+04,1.504470E+04,1.911740E-01,1.164143E+04,1.911740E-01,0.000000E+00,0.000000E+00,2.827913E-01,6.058403E+03,8.207244E-01,1.115995E+04,1.876125E+04,2.827913E-01,1.722041E+04,2.827913E-01,0.000000E+00,0.000000E+00,7.596128E-02,1.627363E+03,2.983376E-01,3.929013E+03,5.995851E+03,7.596128E-02,4.625619E+03,7.596128E-02,0.000000E+00,0.000000E+00,1.514326E-01,3.244230E+03,3.922356E-01,5.410482E+03,9.981282E+03,1.514326E-01,9.221404E+03,1.514326E-01,0.000000E+00,0.000000E+00
09:15:00,1.911740E-01,4.010724E+03,7.739600E-01,1.024477E+04,1.510340E+04,1.911740E-01,1.164143E+04,1.911740E-01,0.000000E+00,0.000000E+00,2.827913E-01,5.932802E+03,8.264470E-01,1.135385E+04,1.896864E+04,2.827913E-01,1.722041E+04,2.827913E-01,0.000000E+00,0.000000E+00,7.596128E-02,1.593625E+03,3.028676E-01,4.016851E+03,6.090460E+03,7.596128E-02,4.625619E+03,7.596128E-02,0.000000E+00,0.000000E+00,1.514326E-01,3.176972E+03,3.945138E-01,5.504911E+03,1.007898E+04,1.514326E-01,9.221404E+03,1.514326E-01,0.000000E+00,0.000000E+00
09:30:00,1.911740E-01,3.925814E+03,7.729452E-01,1.031758E+04,1.517817E+04,1.911740E-01,1.164143E+04,1.911740E-01,0.000000E+00,0.000000E+00,2.827913E-01,5.807201E+03,8.319752E-01,1.154543E+04,1.917333E+04,2.827913E-01,1.722041E+04,2.827913E-01,0.000000E+00,0.000000E+00,7.596128E-02,1.559887E+03,3.077010E-01,4.108313E+03,6.188705E+03,7.596128E-02,4.625619E+03,7.596128E-02,0.000000E+00,0.000000E+00,1.514326E-01,3.109713E+03,3.965746E-01,5.596790E+03,1.017851E+04,1.514326E-01,9.221404E+03,1.514326E-01,0.000000E+00,0.000000E+00
09:45:00,1.911740E-01,3.840905E+03,7.718499E-01,1.038943E+04,1.525495E+04,1.911740E-01,1.164143E+04,1.911740E-01,0.000000E+00,0.000000E+00,2.827913E-01,5.681600E+03,8.373056E-01,1.173466E+04,1.937531E+04,2.827913E-01,1.722041E+04,2.827913E-01,0.000000E+00,0.000000E+00,7.596128E-02,1.526149E+03,3.127779E-01,4.202684E+03,6.289784E+03,7.596128E-02,4.625619E+03,7.596128E-02,0.000000E+00,0.000000E+00,1.514326E-01,3.042455E+03,3.985148E-01,5.687229E+03,1.027736E+04,1.514326E-01,9.221404E+03,1.514326E-01,0.000000E+00,0.000000E+00
10:00:00,1.911740E-01,3.755995E+03,7.707004E-01,1.046063E+04,1.532354E+04,1.911740E-01,1.164143E+04,1.911740E-01,0.000000E+00,0.000000E+00,2.827913E-01,5.555999E+03,8.424270E-01,1.192139E+04,1.957422E+04,2.827913E-01,1.722041E+04,2.827913E-01,0.000000E+00,0.000000E+00,7.596128E-02,1.492411E+03,3.180358E-01,4.299216E+03,6.392823E+03,7.596128E-02,4.625619E+03,7.596128E-02,0.000000E+00,0.000000E+00,1.514326E-01,2.975196E+03,4.003665E-01,5.776601E+03,1.037442E+04,1.514326E-01,9.221404E+03,1.514326E-01,0.000000E+00,0.000000E+00
10:15:00,1.911740E-01,3.681075E+03,7.744541E-01,1.058036E+04,1.545519E+04,1.911740E-01,1.164143E+04,1.911740E-01,0.000000E+00,0.000000E+00,2.827913E-01,5.445175E+03,8.473300E-01,1.209074E+04,1.975468E+04,2.827913E-01,1.722041E+04,2.827913E-01,0.000000E+00,0.000000E+00,7.596128E-02,1.462642E+03,3.234195E-01,4.393282E+03,6.493004E+03,7.596128E-02,4.625619E+03,7.596128E-02,0.000000E+00,0.000000E+00,1.514326E-01,2.915851E+03,3.998516E-01,5.829819E+03,1.041555E+04,1.514326E-01,9.221404E+03,1.514326E-01,0.000000E+00,0.000000E+00
10:30:00,1.911740E-01,3.606155E+03,7.784251E-01,1.070267E+04,1.558540E+04,1.911740E-01,1.164143E+04,1.911740E-01,0.000000E+00,0.000000E+00,2.827913E-01,5.334350E+03,8.520059E-01,1.225739E+04,1.993198E+04,2.827913E-01,1.722041E+04,2.827913E-01,0.000000E+00,0.000000E+00,7.596128E-02,1.432873E+03,3.288795E-01,4.488261E+03,6.593805E+03,7.596128E-02,4.625619E+03,7.596128E-02,0.000000E+00,0.000000E+00,1.514326E-01,2.856505E+03,3.991409E-01,5.880714E+03,1.046879E+04,1.514326E-01,9.221404E+03,1.514326E-01,0.000000E+00,0.000000E+00
10:45:00,1.911740E-01,3.531235E+03,7.824666E-01,1.082582E+04,1.571449E+04,1.911740E-01,1.164143E+04,1.911740E-01,0.000000E+00,0.000000E+00,2.827913E-01,5.223526E+03,8.564490E-01,1.242125E+04,2.010609E+04,2.827913E-01,1.722041E+04,2.827913E-01,0.000000E+00,0.000000E+00,7.596128E-02,1.403104E+03,3.343462E-01,4.583320E+03,6.694331E+03,7.596128E-02,4.625619E+03,7.596128E-02,0.000000E+00,0.000000E+00,1.514326E-01,2.797159E+03,3.982987E-01,5.930038E+03,1.052170E+04,1.514326E-01,9.221404E+03,1.514326E-01,0.000000E+00,0.000000E+00
11:00:00,1.911740E-01,3.456315E+03,7.864969E-01,1.094884E+04,1.584271E+04,1.911740E-01,1.164143E+04,1.911740E-01,0.000000E+00,0.000000E+00,2.827913E-01,5.112701E+03,8.606565E-01,1.258230E+04,2.027683E+04,2.827913E-01,1.722041E+04,2.827913E-01,0.000000E+00,0.000000E+00,7.596128E-02,1.373336E+03,3.397424E-01,4.677537E+03,6.793568E+03,7.596128E-02,4.625619E+03,7.596128E-02,0.000000E+00,0.000000E+00,1.514326E-01,2.737814E+03,3.973502E-01,5.978084E+03,1.056605E+04,1.514326E-01,9.221404E+03,1.514326E-01,0.000000E+00,0.000000E+00
11:15:00,1.911740E-01,3.406368E+03,7.849645E-01,1.098049E+04,1.585394E+04,1.911740E-01,1.164143E+04,1.911740E-01,0.000000E+00,0.000000E+00,2.827913E-01,5.038818E+03,8.645152E-01,1.270224E+04,2.040444E+04,2.827913E-01,1.722041E+04,2.827913E-01,0.000000E+00,0.000000E+00,7.596128E-02,1.353490E+03,3.449266E-01,4.759302E+03,6.879426E+03,7.596128E-02,4.625619E+03,7.596128E-02,0.000000E+00,0.000000E+00,1.514326E-01,2.698250E+03,3.985612E-01,6.032102E+03,1.062760E+04,1.514326E-01,9.221404E+03,1.514326E-01,0.000000E+00,0.000000E+00
11:30:00,1.911740E-01,3.356421E+03,7.831236E-01,1.100848E+04,1.583218E+04,1.911740E-01,1.164143E+04,1.911740E-01,0.000000E+00,0.000000E+00,2.827913E-01,4.964935E+03,8.680276E-01,1.281806E+04,2.052754E+04,2.827913E-01,1.722041E+04,2.827913E-01,0.000000E+00,0.000000E+00,7.596128E-02,1.333644E+03,3.498196E-01,4.837588E+03,6.961239E+03,7.596128E-02,4.625619E+03,7.596128E-02,0.000000E+00,0.000000E+00,1.514326E-01,2.658686E+03,3.997765E-01,6.086150E+03,1.068663E+04,1.514326E-01,9.221404E+03,1.514326E-01,0.000000E+00,0.000000E+00
11:45:00,1.911740E-01,3.306475E+03,7.809863E-01,1.103294E+04,1.580310E+04,1.911740E-01,1.164143E+04,1.911740E-01,0.000000E+00,0.000000E+00,2.827913E-01,4.891052E+03,8.712001E-01,1.292982E+04,2.064627E+04,2.827913E-01,1.722041E+04,2.827913E-01,0.000000E+00,0.000000E+00,7.596128E-02,1.313798E+03,3.543585E-01,4.911647E+03,7.038334E+03,7.596128E-02,4.625619E+03,7.596128E-02,0.000000E+00,0.000000E+00,1.514326E-01,2.619122E+03,4.009423E-01,6.139608E+03,1.074448E+04,1.514326E-01,9.221404E+03,1.514326E-01,0.000000E+00,0.000000E+00
12:00:00,1.911740E-01,3.256528E+03,7.785391E-01,1.105372E+04,1.578234E+04,1.911740E-01,1.164143E+04,1.911740E-01,0.000000E+00,0.000000E+00,2.827913E-01,4.817169E+03,8.740422E-01,1.303763E+04,2.076035E+04,2.827913E-01,1.722041E+04,2.827913E-01,0.000000E+00,0.000000E+00,7.596128E-02,1.293952E+03,3.584924E-01,4.980868E+03,7.110058E+03,7.596128E-02,4.625619E+03,7.596128E-02,0.000000E+00,0.000000E+00,1.514326E-01,2.579558E+03,4.020419E-01,6.192283E+03,1.080147E+04,1.514326E-01,9.221404E+03,1.514326E-01,0.000000E+00,0.000000E+00
12:15:00,1.911740E-01,3.216570E+03,7.733751E-01,1.103206E+04,1.572370E+04,1.911740E-01,1.164143E+04,1.911740E-01,0.000000E+00,0.000000E+00,2.827913E-01,4.758063E+03,8.766783E-01,1.312821E+04,2.085641E+04,2.827913E-01,1.722041E+04,2.827913E-01,0.000000E+00,0.000000E+00,7.596128E-02,1.278075E+03,3.622218E-01,5.041291E+03,7.172423E+03,7.596128E-02,4.625619E+03,7.596128E-02,0.000000E+00,0.000000E+00,1.514326E-01,2.547907E+03,4.013878E-01,6.216132E+03,1.081538E+04,1.514326E-01,9.221404E+03,1.514326E-01,0.000000E+00,0.000000E+00
12:30:00,1.911740E-01,3.176613E+03,7.751088E-01,1.109278E+04,1.575798E+04,1.911740E-01,1.164143E+04,1.911740E-01,0.000000E+00,0.000000E+00,2.827913E-01,4.698957E+03,8.791220E-01,1.321649E+04,2.094993E+04,2.827913E-01,1.722041E+04,2.827913E-01,0.000000E+00,0.000000E+00,7.596128E-02,1.262199E+03,3.654881E-01,5.096182E+03,7.228769E+03,7.596128E-02,4.625619E+03,7.596128E-02,0.000000E+00,0.000000E+00,1.514326E-01,2.516256E+03,4.006011E-01,6.238417E+03,1.083866E+04,1.514326E-01,9.221404E+03,1.514326E-01,0.000000E+00,0.000000E+00
12:45:00,1.911740E-01,3.136656E+03,7.766625E-01,1.115135E+04,1.578618E+04,1.911740E-01,1.164143E+04,1.911740E-01,0.000000E+00,0.000000E+00,2.827913E-01,4.639850E+03,8.813882E-01,1.330265E+04,2.104113E+04,2.827913E-01,1.722041E+04,2.827913E-01,0.000000E+00,0.000000E+00,7.596128E-02,1.246322E+03,3.682607E-01,5.145179E+03,7.278805E+03,7.596128E-02,4.625619E+03,7.596128E-02,0.000000E+00,0.000000E+00,1.514326E-01,2.484605E+03,3.997279E-01,6.259667E+03,1.086173E+04,1.514326E-01,9.221404E+03,1.514326E-01,0.000000E+00,0.000000E+00
13:00:00,1.911740E-01,3.096698E+03,7.780276E-01,1.120766E+04,1.581757E+04,1.911740E-01,1.164143E+04,1.911740E-01,0.000000E+00,0.000000E+00,2.827913E-01,4.580744E+03,8.834934E-01,1.338689E+04,2.113008E+04,2.827913E-01,1.722041E+04,2.827913E-01,0.000000E+00,0.000000E+00,7.596128E-02,1.230445E+03,3.705260E-01,5.188116E+03,7.322369E+03,7.596128E-02,4.625619E+03,7.596128E-02,0.000000E+00,0.000000E+00,1.514326E-01,2.452954E+03,3.987852E-01,6.280084E+03,1.087839E+04,1.514326E-01,9.221404E+03,1.514326E-01,0.000000E+00,0.000000E+00
13:15:00,1.911740E-01,3.071725E+03,7.791922E-01,1.124659E+04,1.583913E+04,1.911740E-01,1.164143E+04,1.911740E-01,0.000000E+00,0.000000E+00,2.827913E-01,4.543802E+03,8.854165E-01,1.344679E+04,2.119362E+04,2.827913E-01,1.722041E+04,2.827913E-01,0.000000E+00,0.000000E+00,7.596128E-02,1.220522E+03,3.723073E-01,5.219318E+03,7.353703E+03,7.596128E-02,4.625619E+03,7.596128E-02,0.000000E+00,0.000000E+00,1.514326E-01,2.433172E+03,4.035003E-01,6.356117E+03,1.099236E+04,1.514326E-01,9.221404E+03,1.514326E-01,0.000000E+00,0.000000E+00
13:30:00,1.911740E-01,3.046752E+03,7.801546E-01,1.128305E+04,1.592756E+04,1.911740E-01,1.164143E+04,1.911740E-01,0.000000E+00,0.000000E+00,2.827913E-01,4.506861E+03,8.871706E-01,1.350467E+04,2.125503E+04,2.827913E-01,1.722041E+04,2.827913E-01,0.000000E+00,0.000000E+00,7.596128E-02,1.210599E+03,3.736813E-01,5.245656E+03,7.380030E+03,7.596128E-02,4.625619E+03,7.596128E-02,0.000000E+00,0.000000E+00,1.514326E-01,2.413391E+03,4.084692E-01,6.435127E+03,1.108120E+04,1.514326E-01,9.221404E+03,1.514326E-01,0.000000E+00,0.000000E+00
13:45:00,1.911740E-01,3.021778E+03,7.957277E-01,1.149398E+04,1.625610E+04,1.911740E-01,1.164143E+04,1.911740E-01,0.000000E+00,0.000000E+00,2.827913E-01,4.469919E+03,8.887622E-01,1.356061E+04,2.131441E+04,2.827913E-01,1.722041E+04,2.827913E-01,0.000000E+00,0.000000E+00,7.596128E-02,1.200676E+03,3.746542E-01,5.267203E+03,7.401334E+03,7.596128E-02,4.625619E+03,7.596128E-02,0.000000E+00,0.000000E+00,1.514326E-01,2.393609E+03,4.135358E-01,6.515304E+03,1.116766E+04,1.514326E-01,9.221404E+03,1.514326E-01,0.000000E+00,0.000000E+00
14:00:00,1.911740E-01,2.996805E+03,8.130666E-01,1.172594E+04,1.660623E+04,1.911740E-01,1.164143E+04,1.911740E-01,0.000000E+00,0.000000E+00,2.827913E-01,4.432978E+03,8.901870E-01,1.361456E+04,2.137141E+04,2.827913E-01,1.722041E+04,2.827913E-01,0.000000E+00,0.000000E+00,7.596128E-02,1.190753E+03,3.752033E-01,5.283688E+03,7.417217E+03,7.596128E-02,4.625619E+03,7.596128E-02,0.000000E+00,0.000000E+00,1.514326E-01,2.373827E+03,4.186398E-01,6.595946E+03,1.126689E+04,1.514326E-01,9.221404E+03,1.514326E-01,0.000000E+00,0.000000E+00
14:15:00,1.911740E-01,2.996805E+03,8.144550E-01,1.174242E+04,1.665240E+04,1.911740E-01,1.164143E+04,1.911740E-01,0.000000E+00,0.000000E+00,2.827913E-01,4.432978E+03,8.913575E-01,1.362854E+04,2.138668E+04,2.827913E-01,1.722041E+04,2.827913E-01,0.000000E+00,0.000000E+00,7.596128E-02,1.190753E+03,3.752468E-01,5.284212E+03,7.416385E+03,7.596128E-02,4.625619E+03,7.596128E-02,0.000000E+00,0.000000E+00,1.514326E-01,2.373827E+03,4.197081E-01,6.608683E+03,1.127768E+04,1.514326E-01,9.221404E+03,1.514326E-01,0.000000E+00,0.000000E+00
14:30:00,1.911740E-01,2.996805E+03,8.150458E-01,1.174938E+04,1.666760E+04,1.911740E-01,1.164143E+04,1.911740E-01,0.000000E+00,0.000000E+00,2.827913E-01,4.432978E+03,8.922531E-01,1.363923E+04,2.139846E+04,2.827913E-01,1.722041E+04,2.827913E-01,0.000000E+00,0.000000E+00,7.596128E-02,1.190753E+03,3.747370E-01,5.278128E+03,7.408499E+03,7.596128E-02,4.625619E+03,7.596128E-02,0.000000E+00,0.000000E+00,1.514326E-01,2.373827E+03,4.204981E-01,6.618146E+03,1.128920E+04,1.514326E-01,9.221404E+03,1.514326E-01,0.000000E+00,0.000000E+00
14:45:00,1.911740E-01,2.996805E+03,8.151170E-01,1.175016E+04,1.666914E+04,1.911740E-01,1.164143E+04,1.911740E-01,0.000000E+00,0.000000E+00,2.827913E-01,4.432978E+03,8.928506E-01,1.364637E+04,2.140647E+04,2.827913E-01,1.722041E+04,2.827913E-01,0.000000E+00,0.000000E+00,7.596128E-02,1.190753E+03,3.736844E-01,5.265560E+03,7.393768E+03,7.596128E-02,4.625619E+03,7.596128E-02,0.000000E+00,0.000000E+00,1.514326E-01,2.373827E+03,4.210985E-01,6.625344E+03,1.129873E+04,1.514326E-01,9.221404E+03,1.514326E-01,0.000000E+00,0.000000E+00
15:00:00,1.911740E-01,2.996805E+03,8.147508E-01,1.174575E+04,1.666419E+04,1.911740E-01,1.164143E+04,1.911740E-01,0.000000E+00,0.000000E+00,2.827913E-01,4.432978E+03,8.931265E-01,1.364967E+04,2.140995E+04,2.827913E-01,1.722041E+04,2.827913E-01,0.000000E+00,0.000000E+00,7.596128E-02,1.190753E+03,3.721339E-01,5.247046E+03,7.372739E+03,7.596128E-02,4.625619E+03,7.596128E-02,0.000000E+00,0.000000E+00,1.514326E-01,2.373827E+03,4.215315E-01,6.630533E+03,1.130513E+04,1.514326E-01,9.221404E+03,1.514326E-01,0.000000E+00,0.000000E+00
15:15:00,1.911740E-01,3.026773E+03,8.139933E-01,1.170672E+04,1.662403E+04,1.911740E-01,1.164143E+04,1.911740E-01,0.000000E+00,0.000000E+00,2.827913E-01,4.477308E+03,8.930220E-01,1.360410E+04,2.136236E+04,2.827913E-01,1.722041E+04,2.827913E-01,0.000000E+00,0.000000E+00,7.596128E-02,1.202661E+03,3.701268E-01,5.211171E+03,7.333709E+03,7.596128E-02,4.625619E+03,7.596128E-02,0.000000E+00,0.000000E+00,1.514326E-01,2.397565E+03,4.194947E-01,6.582510E+03,1.123858E+04,1.514326E-01,9.221404E+03,1.514326E-01,0.000000E+00,0.000000E+00
15:30:00,1.911740E-01,3.056741E+03,8.129009E-01,1.166372E+04,1.657988E+04,1.911740E-01,1.164143E+04,1.911740E-01,0.000000E+00,0.000000E+00,2.827913E-01,4.521638E+03,8.925151E-01,1.355372E+04,2.130961E+04,2.827913E-01,1.722041E+04,2.827913E-01,0.000000E+00,0.000000E+00,7.596128E-02,1.214568E+03,3.677332E-01,5.170680E+03,7.289914E+03,7.596128E-02,4.625619E+03,7.596128E-02,0.000000E+00,0.000000E+00,1.514326E-01,2.421303E+03,4.171553E-01,6.530891E+03,1.118284E+04,1.514326E-01,9.221404E+03,1.514326E-01,0.000000E+00,0.000000E+00
15:45:00,1.911740E-01,3.086709E+03,8.115318E-01,1.161741E+04,1.653209E+04,1.911740E-01,1.164143E+04,1.911740E-01,0.000000E+00,0.000000E+00,2.827913E-01,4.565967E+03,8.915858E-01,1.349831E+04,2.125144E+04,2.827913E-01,1.722041E+04,2.827913E-01,0.000000E+00,0.000000E+00,7.596128E-02,1.226476E+03,3.650350E-01,5.126549E+03,7.242448E+03,7.596128E-02,4.625619E+03,7.596128E-02,0.000000E+00,0.000000E+00,1.514326E-01,2.445042E+03,4.145746E-01,6.476391E+03,1.112487E+04,1.514326E-01,9.221404E+03,1.514326E-01,0.000000E+00,0.000000E+00
16:00:00,1.911740E-01,3.116677E+03,8.099475E-01,1.156853E+04,1.648127E+04,1.911740E-01,1.164143E+04,1.911740E-01,0.000000E+00,0.000000E+00,2.827913E-01,4.610297E+03,8.902161E-01,1.343764E+04,2.118709E+04,2.827913E-01,1.722041E+04,2.827913E-01,0.000000E+00,0.000000E+00,7.596128E-02,1.238384E+03,3.621257E-01,5.079898E+03,7.192443E+03,7.596128E-02,4.625619E+03,7.596128E-02,0.000000E+00,0.000000E+00,1.514326E-01,2.468780E+03,4.117728E-01,6.419244E+03,1.105621E+04,1.514326E-01,9.221404E+03,1.514326E-01,0.000000E+00,0.000000E+00
16:15:00,1.911740E-01,3.156634E+03,8.132436E-01,1.156793E+04,1.649988E+04,1.911740E-01,1.164143E+04,1.911740E-01,0.000000E+00,0.000000E+00,2.827913E-01,4.669403E+03,8.885388E-01,1.335852E+04,2.110333E+04,2.827913E-01,1.722041E+04,2.827913E-01,0.000000E+00,0.000000E+00,7.596128E-02,1.254260E+03,3.592045E-01,5.029135E+03,7.138520E+03,7.596128E-02,4.625619E+03,7.596128E-02,0.000000E+00,0.000000E+00,1.514326E-01,2.500431E+03,4.111063E-01,6.379650E+03,1.101613E+04,1.514326E-01,9.221404E+03,1.514326E-01,0.000000E+00,0.000000E+00
16:30:00,1.911740E-01,3.196592E+03,8.167907E-01,1.157030E+04,1.650248E+04,1.911740E-01,1.164143E+04,1.911740E-01,0.000000E+00,0.000000E+00,2.827913E-01,4.728510E+03,8.864903E-01,1.327497E+04,2.101439E+04,2.827913E-01,1.722041E+04,2.827913E-01,0.000000E+00,0.000000E+00,7.596128E-02,1.270137E+03,3.563607E-01,4.979294E+03,7.085827E+03,7.596128E-02,4.625619E+03,7.596128E-02,0.000000E+00,0.000000E+00,1.514326E-01,2.532082E+03,4.103970E-01,6.339524E+03,1.097282E+04,1.514326E-01,9.221404E+03,1.514326E-01,0.000000E+00,0.000000E+00
16:45:00,1.911740E-01,3.236549E+03,8.205079E-01,1.157470E+04,1.650283E+04,1.911740E-01,1.164143E+04,1.911740E-01,0.000000E+00,0.000000E+00,2.827913E-01,4.787616E+03,8.845347E-01,1.319253E+04,2.092837E+04,2.827913E-01,1.722041E+04,2.827913E-01,0.000000E+00,0.000000E+00,7.596128E-02,1.286014E+03,3.536954E-01,4.931586E+03,7.035689E+03,7.596128E-02,4.625619E+03,7.596128E-02,0.000000E+00,0.000000E+00,1.514326E-01,2.563733E+03,4.097398E-01,6.300019E+03,1.093066E+04,1.514326E-01,9.221404E+03,1.514326E-01,0.000000E+00,0.000000E+00
17:00:00,1.911740E-01,3.276507E+03,8.243421E-01,1.158051E+04,1.651181E+04,1.911740E-01,1.164143E+04,1.911740E-01,0.000000E+00,0.000000E+00,2.827913E-01,4.846723E+03,8.829285E-01,1.311425E+04,2.084727E+04,2.827913E-01,1.722041E+04,2.827913E-01,0.000000E+00,0.000000E+00,7.596128E-02,1.301890E+03,3.511692E-01,4.885537E+03,6.987305E+03,7.596128E-02,4.625619E+03,7.596128E-02,0.000000E+00,0.000000E+00,1.514326E-01,2.595384E+03,4.092027E-01,6.261952E+03,1.089069E+04,1.514326E-01,9.221404E+03,1.514326E-01,0.000000E+00,0.000000E+00
17:15:00,1.911740E-01,3.326453E+03,8.182423E-01,1.145773E+04,1.636193E+04,1.911740E-01,1.164143E+04,1.911740E-01,0.000000E+00,0.000000E+00,2.827913E-01,4.920606E+03,8.818303E-01,1.302726E+04,2.075721E+04,2.827913E-01,1.722041E+04,2.827913E-01,0.000000E+00,0.000000E+00,7.596128E-02,1.321736E+03,3.486799E-01,4.835959E+03,6.935151E+03,7.596128E-02,4.625619E+03,7.596128E-02,0.000000E+00,0.000000E+00,1.514326E-01,2.634948E+03,4.088342E-01,6.217988E+03,1.084500E+04,1.514326E-01,9.221404E+03,1.514326E-01,0.000000E+00,0.000000E+00
17:30:00,1.911740E-01,3.376400E+03,8.114863E-01,1.132718E+04,1.622579E+04,1.911740E-01,1.164143E+04,1.911740E-01,0.000000E+00,0.000000E+00,2.827913E-01,4.994489E+03,8.813610E-01,1.294777E+04,2.067578E+04,2.827913E-01,1.722041E+04,2.827913E-01,0.000000E+00,0.000000E+00,7.596128E-02,1.341582E+03,3.461309E-01,4.785670E+03,6.882088E+03,7.596128E-02,4.625619E+03,7.596128E-02,0.000000E+00,0.000000E+00,1.514326E-01,2.674512E+03,4.086746E-01,6.176516E+03,1.080248E+04,1.514326E-01,9.221404E+03,1.514326E-01,0.000000E+00,0.000000E+00
17:45:00,1.911740E-01,3.426347E+03,8.042791E-01,1.119122E+04,1.608721E+04,1.911740E-01,1.164143E+04,1.911740E-01,0.000000E+00,0.000000E+00,2.827913E-01,5.068371E+03,8.810065E-01,1.286965E+04,2.059539E+04,2.827913E-01,1.722041E+04,2.827913E-01,0.000000E+00,0.000000E+00,7.596128E-02,1.361428E+03,3.434065E-01,4.733285E+03,6.826582E+03,7.596128E-02,4.625619E+03,7.596128E-02,0.000000E+00,0.000000E+00,1.514326E-01,2.714075E+03,4.085591E-01,6.135570E+03,1.076028E+04,1.514326E-01,9.221404E+03,1.514326E-01,0.000000E+00,0.000000E+00
18:00:00,1.911740E-01,3.476294E+03,7.967294E-01,1.105117E+04,1.593609E+04,1.911740E-01,1.164143E+04,1.911740E-01,0.000000E+00,0.000000E+00,2.827913E-01,5.142254E+03,8.803692E-01,1.278815E+04,2.051056E+04,2.827913E-01,1.722041E+04,2.827913E-01,0.000000E+00,0.000000E+00,7.596128E-02,1.381274E+03,3.405412E-01,4.679217E+03,6.769209E+03,7.596128E-02,4.625619E+03,7.596128E-02,0.000000E+00,0.000000E+00,1.514326E-01,2.753639E+03,4.083576E-01,6.093601E+03,1.071641E+04,1.514326E-01,9.221404E+03,1.514326E-01,0.000000E+00,0.000000E+00
18:15:00,1.911740E-01,3.551214E+03,7.938675E-01,1.094210E+04,1.582836E+04,1.911740E-01,1.164143E+04,1.911740E-01,0.000000E+00,0.000000E+00,2.827913E-01,5.253079E+03,8.785522E-01,1.265564E+04,2.036954E+04,2.827913E-01,1.722041E+04,2.827913E-01,0.000000E+00,0.000000E+00,7.596128E-02,1.411043E+03,3.374748E-01,4.612826E+03,6.698856E+03,7.596128E-02,4.625619E+03,7.596128E-02,0.000000E+00,0.000000E+00,1.514326E-01,2.812985E+03,4.060512E-01,6.006742E+03,1.061084E+04,1.514326E-01,9.221404E+03,1.514326E-01,0.000000E+00,0.000000E+00
18:30:00,1.911740E-01,3.626134E+03,7.911102E-01,1.083425E+04,1.571842E+04,1.911740E-01,1.164143E+04,1.911740E-01,0.000000E+00,0.000000E+00,2.827913E-01,5.363903E+03,8.754030E-01,1.250724E+04,2.021135E+04,2.827913E-01,1.722041E+04,2.827913E-01,0.000000E+00,0.000000E+00,7.596128E-02,1.440812E+03,3.342766E-01,4.544860E+03,6.626854E+03,7.596128E-02,4.625619E+03,7.596128E-02,0.000000E+00,0.000000E+00,1.514326E-01,2.872330E+03,4.032090E-01,5.913510E+03,1.050882E+04,1.514326E-01,9.221404E+03,1.514326E-01,0.000000E+00,0.000000E+00
18:45:00,1.911740E-01,3.701054E+03,7.883599E-01,1.072648E+04,1.560716E+04,1.911740E-01,1.164143E+04,1.911740E-01,0.000000E+00,0.000000E+00,2.827913E-01,5.474728E+03,8.705756E-01,1.233881E+04,2.003016E+04,2.827913E-01,1.722041E+04,2.827913E-01,0.000000E+00,0.000000E+00,7.596128E-02,1.470580E+03,3.309708E-01,4.475609E+03,6.553528E+03,7.596128E-02,4.625619E+03,7.596128E-02,0.000000E+00,0.000000E+00,1.514326E-01,2.931676E+03,3.997583E-01,5.813020E+03,1.039838E+04,1.514326E-01,9.221404E+03,1.514326E-01,0.000000E+00,0.000000E+00
19:00:00,1.911740E-01,3.775974E+03,7.855513E-01,1.061802E+04,1.549472E+04,1.911740E-01,1.164143E+04,1.911740E-01,0.000000E+00,0.000000E+00,2.827913E-01,5.585552E+03,8.633919E-01,1.214227E+04,1.981399E+04,2.827913E-01,1.722041E+04,2.827913E-01,0.000000E+00,0.000000E+00,7.596128E-02,1.500349E+03,3.275338E-01,4.404792E+03,6.478393E+03,7.596128E-02,4.625619E+03,7.596128E-02,0.000000E+00,0.000000E+00,1.514326E-01,2.991022E+03,3.954893E-01,5.702765E+03,1.026868E+04,1.514326E-01,9.221404E+03,1.514326E-01,0.000000E+00,0.000000E+00
19:15:00,1.911740E-01,3.830915E+03,7.877495E-01,1.058932E+04,1.548535E+04,1.911740E-01,1.164143E+04,1.911740E-01,0.000000E+00,0.000000E+00,2.827913E-01,5.666824E+03,8.546524E-01,1.195671E+04,1.960839E+04,2.827913E-01,1.722041E+04,2.827913E-01,0.000000E+00,0.000000E+00,7.596128E-02,1.522180E+03,3.242141E-01,4.343314E+03,6.413214E+03,7.596128E-02,4.625619E+03,7.596128E-02,0.000000E+00,0.000000E+00,1.514326E-01,3.034542E+03,3.923938E-01,5.622330E+03,1.017749E+04,1.514326E-01,9.221404E+03,1.514326E-01,0.000000E+00,0.000000E+00
19:30:00,1.911740E-01,3.885857E+03,7.902750E-01,1.056451E+04,1.546096E+04,1.911740E-01,1.164143E+04,1.911740E-01,0.000000E+00,0.000000E+00,2.827913E-01,5.748095E+03,8.456068E-01,1.176749E+04,1.940284E+04,2.827913E-01,1.722041E+04,2.827913E-01,0.000000E+00,0.000000E+00,7.596128E-02,1.544010E+03,3.210472E-01,4.283660E+03,6.350167E+03,7.596128E-02,4.625619E+03,7.596128E-02,0.000000E+00,0.000000E+00,1.514326E-01,3.078062E+03,3.892398E-01,5.541180E+03,1.008558E+04,1.514326E-01,9.221404E+03,1.514326E-01,0.000000E+00,0.000000E+00
19:45:00,1.911740E-01,3.940798E+03,7.930668E-01,1.054287E+04,1.543502E+04,1.911740E-01,1.164143E+04,1.911740E-01,0.000000E+00,0.000000E+00,2.827913E-01,5.829366E+03,8.372685E-01,1.158671E+04,1.920669E+04,2.827913E-01,1.722041E+04,2.827913E-01,0.000000E+00,0.000000E+00,7.596128E-02,1.565841E+03,3.181644E-01,4.227399E+03,6.291052E+03,7.596128E-02,4.625619E+03,7.596128E-02,0.000000E+00,0.000000E+00,1.514326E-01,3.121582E+03,3.863120E-01,5.462724E+03,9.996798E+03,1.514326E-01,9.221404E+03,1.514326E-01,0.000000E+00,0.000000E+00
20:00:00,1.911740E-01,3.995740E+03,7.961264E-01,1.052444E+04,1.541922E+04,1.911740E-01,1.164143E+04,1.911740E-01,0.000000E+00,0.000000E+00,2.827913E-01,5.910637E+03,8.306008E-01,1.142585E+04,1.903191E+04,2.827913E-01,1.722041E+04,2.827913E-01,0.000000E+00,0.000000E+00,7.596128E-02,1.587671E+03,3.156036E-01,4.174981E+03,6.236231E+03,7.596128E-02,4.625619E+03,7.596128E-02,0.000000E+00,0.000000E+00,1.514326E-01,3.165102E+03,3.839143E-01,5.390589E+03,9.915677E+03,1.514326E-01,9.221404E+03,1.514326E-01,0.000000E+00,0.000000E+00
20:15:00,1.911740E-01,4.040692E+03,7.944784E-01,1.045980E+04,1.534580E+04,1.911740E-01,1.164143E+04,1.911740E-01,0.000000E+00,0.000000E+00,2.827913E-01,5.977132E+03,8.257897E-01,1.130191E+04,1.889813E+04,2.827913E-01,1.722041E+04,2.827913E-01,0.000000E+00,0.000000E+00,7.596128E-02,1.605532E+03,3.133083E-01,4.129704E+03,6.188904E+03,7.596128E-02,4.625619E+03,7.596128E-02,0.000000E+00,0.000000E+00,1.514326E-01,3.200710E+03,3.816970E-01,5.328518E+03,9.843572E+03,1.514326E-01,9.221404E+03,1.514326E-01,0.000000E+00,0.000000E+00
20:30:00,1.911740E-01,4.085644E+03,7.927864E-01,1.039467E+04,1.527644E+04,1.911740E-01,1.164143E+04,1.911740E-01,0.000000E+00,0.000000E+00,2.827913E-01,6.043627E+03,8.217733E-01,1.118745E+04,1.877468E+04,2.827913E-01,1.722041E+04,2.827913E-01,0.000000E+00,0.000000E+00,7.596128E-02,1.623394E+03,3.112350E-01,4.087079E+03,6.144420E+03,7.596128E-02,4.625619E+03,7.596128E-02,0.000000E+00,0.000000E+00,1.514326E-01,3.236317E+03,3.797209E-01,5.269325E+03,9.777405E+03,1.514326E-01,9.221404E+03,1.514326E-01,0.000000E+00,0.000000E+00
20:45:00,1.911740E-01,4.130596E+03,7.911233E-01,1.032988E+04,1.520904E+04,1.911740E-01,1.164143E+04,1.911740E-01,0.000000E+00,0.000000E+00,2.827913E-01,6.110121E+03,8.180276E-01,1.107622E+04,1.865446E+04,2.827913E-01,1.722041E+04,2.827913E-01,0.000000E+00,0.000000E+00,7.596128E-02,1.641255E+03,3.092714E-01,4.045764E+03,6.101176E+03,7.596128E-02,4.625619E+03,7.596128E-02,0.000000E+00,0.000000E+00,1.514326E-01,3.271925E+03,3.778321E-01,5.211177E+03,9.712486E+03,1.514326E-01,9.221404E+03,1.514326E-01,0.000000E+00,0.000000E+00
21:00:00,1.911740E-01,4.175548E+03,7.895179E-01,1.026577E+04,1.514261E+04,1.911740E-01,1.164143E+04,1.911740E-01,0.000000E+00,0.000000E+00,2.827913E-01,6.176616E+03,8.145027E-01,1.096764E+04,1.853745E+04,2.827913E-01,1.722041E+04,2.827913E-01,0.000000E+00,0.000000E+00,7.596128E-02,1.659116E+03,3.074082E-01,4.005648E+03,6.059138E+03,7.596128E-02,4.625619E+03,7.596128E-02,0.000000E+00,0.000000E+00,1.514326E-01,3.307532E+03,3.760200E-01,5.153946E+03,9.647525E+03,1.514326E-01,9.221404E+03,1.514326E-01,0.000000E+00,0.000000E+00
21:15:00,1.911740E-01,4.220500E+03,7.829868E-01,1.014285E+04,1.499682E+04,1.911740E-01,1.164143E+04,1.911740E-01,0.000000E+00,0.000000E+00,2.827913E-01,6.243111E+03,8.111178E-01,1.086074E+04,1.842238E+04,2.827913E-01,1.722041E+04,2.827913E-01,0.000000E+00,0.000000E+00,7.596128E-02,1.676978E+03,3.055917E-01,3.966090E+03,6.017566E+03,7.596128E-02,4.625619E+03,7.596128E-02,0.000000E+00,0.000000E+00,1.514326E-01,3.343139E+03,3.746678E-01,5.102201E+03,9.590600E+03,1.514326E-01,9.221404E+03,1.514326E-01,0.000000E+00,0.000000E+00
21:30:00,1.911740E-01,4.265452E+03,7.762244E-01,1.001719E+04,1.486554E+04,1.911740E-01,1.164143E+04,1.911740E-01,0.000000E+00,0.000000E+00,2.827913E-01,6.309605E+03,8.078628E-01,1.075538E+04,1.830908E+04,2.827913E-01,1.722041E+04,2.827913E-01,0.000000E+00,0.000000E+00,7.596128E-02,1.694839E+03,3.037971E-01,3.926794E+03,5.976148E+03,7.596128E-02,4.625619E+03,7.596128E-02,0.000000E+00,0.000000E+00,1.514326E-01,3.378747E+03,3.733871E-01,5.051308E+03,9.534269E+03,1.514326E-01,9.221404E+03,1.514326E-01,0.000000E+00,0.000000E+00
21:45:00,1.911740E-01,4.310404E+03,7.693544E-01,9.890235E+03,1.473510E+04,1.911740E-01,1.164143E+04,1.911740E-01,0.000000E+00,0.000000E+00,2.827913E-01,6.376100E+03,8.047267E-01,1.065145E+04,1.819735E+04,2.827913E-01,1.722041E+04,2.827913E-01,0.000000E+00,0.000000E+00,7.596128E-02,1.712700E+03,3.020188E-01,3.887693E+03,5.934878E+03,7.596128E-02,4.625619E+03,7.596128E-02,0.000000E+00,0.000000E+00,1.514326E-01,3.414354E+03,3.721640E-01,5.001103E+03,9.478675E+03,1.514326E-01,9.221404E+03,1.514326E-01,0.000000E+00,0.000000E+00
22:00:00,1.911740E-01,4.355356E+03,7.624253E-01,9.762569E+03,1.459610E+04,1.911740E-01,1.164143E+04,1.911740E-01,0.000000E+00,0.000000E+00,2.827913E-01,6.442595E+03,8.016981E-01,1.054880E+04,1.808704E+04,2.827913E-01,1.722041E+04,2.827913E-01,0.000000E+00,0.000000E+00,7.596128E-02,1.730562E+03,3.002597E-01,3.848822E+03,5.893824E+03,7.596128E-02,4.625619E+03,7.596128E-02,0.000000E+00,0.000000E+00,1.514326E-01,3.449962E+03,3.709906E-01,4.951491E+03,9.423833E+03,1.514326E-01,9.221404E+03,1.514326E-01,0.000000E+00,0.000000E+00
22:15:00,1.911740E-01,4.390319E+03,7.543254E-01,9.630907E+03,1.443950E+04,1.911740E-01,1.164143E+04,1.911740E-01,0.000000E+00,0.000000E+00,2.827913E-01,6.494313E+03,7.988370E-01,1.046293E+04,1.799435E+04,2.827913E-01,1.722041E+04,2.827913E-01,0.000000E+00,0.000000E+00,7.596128E-02,1.744454E+03,2.985561E-01,3.814582E+03,5.857576E+03,7.596128E-02,4.625619E+03,7.596128E-02,0.000000E+00,0.000000E+00,1.514326E-01,3.477656E+03,3.698850E-01,4.910604E+03,9.378269E+03,1.514326E-01,9.221404E+03,1.514326E-01,0.000000E+00,0.000000E+00
22:30:00,1.911740E-01,4.425282E+03,7.461943E-01,9.498877E+03,1.425513E+04,1.911740E-01,1.164143E+04,1.911740E-01,0.000000E+00,0.000000E+00,2.827913E-01,6.546031E+03,7.961343E-01,1.037895E+04,1.790373E+04,2.827913E-01,1.722041E+04,2.827913E-01,0.000000E+00,0.000000E+00,7.596128E-02,1.758346E+03,2.969041E-01,3.780959E+03,5.821956E+03,7.596128E-02,4.625619E+03,7.596128E-02,0.000000E+00,0.000000E+00,1.514326E-01,3.505351E+03,3.688425E-01,4.870469E+03,9.333626E+03,1.514326E-01,9.221404E+03,1.514326E-01,0.000000E+00,0.000000E+00
22:45:00,1.911740E-01,4.460244E+03,7.426295E-01,9.421373E+03,1.414108E+04,1.911740E-01,1.164143E+04,1.911740E-01,0.000000E+00,0.000000E+00,2.827913E-01,6.597749E+03,7.935815E-01,1.029676E+04,1.781507E+04,2.827913E-01,1.722041E+04,2.827913E-01,0.000000E+00,0.000000E+00,7.596128E-02,1.772238E+03,2.953039E-01,3.747954E+03,5.786993E+03,7.596128E-02,4.625619E+03,7.596128E-02,0.000000E+00,0.000000E+00,1.514326E-01,3.533046E+03,3.678590E-01,4.831037E+03,9.289825E+03,1.514326E-01,9.221404E+03,1.514326E-01,0.000000E+00,0.000000E+00
23:00:00,1.911740E-01,4.495207E+03,7.417484E-01,9.375922E+03,1.407719E+04,1.911740E-01,1.164143E+04,1.911740E-01,0.000000E+00,0.000000E+00,2.827913E-01,6.649467E+03,7.911719E-01,1.021627E+04,1.772842E+04,2.827913E-01,1.722041E+04,2.827913E-01,0.000000E+00,0.000000E+00,7.596128E-02,1.786130E+03,2.937575E-01,3.715592E+03,5.752744E+03,7.596128E-02,4.625619E+03,7.596128E-02,0.000000E+00,0.000000E+00,1.514326E-01,3.560740E+03,3.669312E-01,4.792272E+03,9.246890E+03,1.514326E-01,9.221404E+03,1.514326E-01,0.000000E+00,0.000000E+00
23:15:00,1.911740E-01,4.530170E+03,7.408931E-01,9.330788E+03,1.402193E+04,1.911740E-01,1.164143E+04,1.911740E-01,0.000000E+00,0.000000E+00,2.827913E-01,6.701185E+03,7.888283E-01,1.013658E+04,1.764261E+04,2.827913E-01,1.722041E+04,2.827913E-01,0.000000E+00,0.000000E+00,7.596128E-02,1.800022E+03,2.922157E-01,3.683285E+03,5.718448E+03,7.596128E-02,4.625619E+03,7.596128E-02,0.000000E+00,0.000000E+00,1.514326E-01,3.588435E+03,3.660322E-01,4.753850E+03,9.204350E+03,1.514326E-01,9.221404E+03,1.514326E-01,0.000000E+00,0.000000E+00
23:30:00,1.911740E-01,4.565133E+03,7.400617E-01,9.285960E+03,1.395901E+04,1.911740E-01,1.164143E+04,1.911740E-01,0.000000E+00,0.000000E+00,2.827913E-01,6.752903E+03,7.865440E-01,1.005759E+04,1.755759E+04,2.827913E-01,1.722041E+04,2.827913E-01,0.000000E+00,0.000000E+00,7.596128E-02,1.813914E+03,2.906574E-01,3.650782E+03,5.683811E+03,7.596128E-02,4.625619E+03,7.596128E-02,0.000000E+00,0.000000E+00,1.514326E-01,3.616129E+03,3.651589E-01,4.715734E+03,9.162184E+03,1.514326E-01,9.221404E+03,1.514326E-01,0.000000E+00,0.000000E+00
23:45:00,1.911740E-01,4.600095E+03,7.392514E-01,9.241382E+03,1.389399E+04,1.911740E-01,1.164143E+04,1.911740E-01,0.000000E+00,0.000000E+00,2.827913E-01,6.804621E+03,7.843127E-01,9.979238E+03,1.747329E+04,2.827913E-01,1.722041E+04,2.827913E-01,0.000000E+00,0.000000E+00,7.596128E-02,1.827806E+03,2.890800E-01,3.618049E+03,5.648890E+03,7.596128E-02,4.625619E+03,7.596128E-02,0.000000E+00,0.000000E+00,1.514326E-01,3.643824E+03,3.643081E-01,4.677887E+03,9.120355E+03,1.514326E-01,9.221404E+03,1.514326E-01,0.000000E+00,0.000000E+00
24:00:00,1.911740E-01,4.635058E+03,7.384593E-01,9.197019E+03,1.383234E+04,1.911740E-01,1.164143E+04,1.911740E-01,0.000000E+00,0.000000E+00,2.827913E-01,6.856339E+03,7.821285E-01,9.901447E+03,1.738963E+04,2.827913E-01,1.722041E+04,2.827913E-01,0.000000E+00,0.000000E+00,7.596128E-02,1.841699E+03,2.874891E-01,3.585156E+03,5.613796E+03,7.596128E-02,4.625619E+03,7.596128E-02,0.000000E+00,0.000000E+00,1.514326E-01,3.671519E+03,3.634769E-01,4.640274E+03,9.078821E+03,1.514326E-01,9.221404E+03,1.514326E-01,0.000000E+00,0.000000E+00
Coinc Peak   ,1.911740E-01,8.243421E-01,1.164143E+04,1.190324E+04,2.827913E-01,8.931265E-01,1.722041E+04,1.364967E+04,7.596128E-02,3.752468E-01,4.625619E+03,5.284212E+03,1.514326E-01,4.215315E-01,9.221404E+03,6.630533E+03
NonCoinc Peak,1.911740E-01,8.325321E-01,1.164143E+04,1.190324E+04,2.827913E-01,8.931265E-01,1.722041E+04,1.364967E+04,7.596128E-02,3.752468E-01,4.625619E+03,5.284212E+03,1.514326E-01,4.215315E-01,9.221404E+03,6.630533E+03
