{"data_point":{"_id":"573fe376-d1be-4016-b8c5-c88eafd3d7f4","set_variable_values":{"1677585c-7d97-406b-98db-aadb179d245f":"SmallHotel","7ce51096-f91e-4fd0-8eec-b047adf87974":"ASHRAE 169-2006-5A","1cefbb25-4d21-4079-be4c-ca1ed1654662":"DOE Ref 1980-2004","e78565aa-435c-4d6d-883f-7d62866619d3":0,"cece6737-4f14-4695-82ec-ce3ffb738162":0,"a400254f-d00f-48fa-82a5-a2178733302b":0,"dd705367-5df3-4b5c-b067-b8490e9b949d":0,"99d35a1f-7333-4646-87f9-6da5e2037a70":0,"72be73e2-04e7-4712-8425-dc09b275f9d0":0,"a68f78f7-509a-43f2-b2ee-ef4a9a536daa":0,"be31790a-982b-4c77-b6fa-e406c95e3783":0,"a8b7a058-8a1c-4167-91ca-2da561fc122e":0,"d2f66179-e9e3-4e58-a9a6-dd6aa6d4d6b1":0,"6755073b-a0a6-4ed3-a1aa-058652aab216":0,"7173e542-66c5-49a8-9eb1-5aa18a0cb640":0,"ba907487-9beb-42af-909c-64f7b3235e45":0,"9e5112f4-08a8-4aed-af6e-c4c9aa65ceb1":0,"0202c161-7f72-4a00-ad4b-e262bf3e3092":0,"e514e026-5884-43db-ad32-e002e1451dca":0,"ec67d5b5-d563-486e-9a03-6c358555a9b2":0,"4fa21c39-44f0-4932-abac-28312ad39dbb":0,"34bccc6e-a1c1-4685-b320-df0d535449f9":0,"4735b619-d02c-4692-aee9-a184003ab99c":0,"2f9a6349-4855-4afe-97e1-e3bdf38c6a9a":0,"e451348e-3bca-4dc6-ab46-4c2527fa74ae":0,"f60a3914-b4c7-49f9-8770-4e25b03e7824":0,"c287ce0c-eea4-4161-a11e-4184713b563f":0,"bbabbb18-90b3-49c8-9830-fb19879e8f67":0,"d3549a71-1d49-40b4-a290-78f02e255f08":0,"ff1e2152-e32c-4158-a17f-e0492719eba0":0,"39dab2ed-7e06-46ba-b3f9-cc91bab76cec":0,"57e4ab61-ba96-463e-a77b-65c8f72f388c":0,"311e8b1c-1acb-4f7f-b863-ca666d616cc7":0,"ace1beeb-4db8-4099-932f-8378dda5fa86":0,"cff28ce7-08a0-4715-b2d1-40af3cf4c67b":0,"c473f78e-60d3-4ae5-be09-16136af8542f":0,"44efd151-1f3c-43cb-85fb-83ae874c0034":0,"60b0b0ad-b6f4-4a1a-9aec-a5a8eba092bd":0,"c4b3d630-c588-4d64-af59-a975d272aaa6":0,"d9e4741e-e9a0-4a5f-ae05-7cba2bb64437":0,"e48d171a-c266-4b74-ad82-57470390864d":0,"7bebae5d-5a00-45a4-8984-cf0d8c4ba970":1,"ad0a14da-e76e-4475-9d5d-8d23b87c514f":0,"bc52ee22-9750-49ce-9b75-b4e643b4208d":0,"cd2b60ac-1f0f-4852-88dd-eb5fe45e38e7":0,"66f48b73-f1bb-4c35-9df7-c4801eb1b45a":0,"47f7dbcb-a82a-4b06-b1a6-704c8781f5f3":0,"bc0d724b-f8d0-4a06-b0a5-a65b3ba0377a":0,"d4df1ad9-925f-44ba-9dea-ce20fd365bb6":0},"download_status":"na","status":"started","status_message":"","results":{},"sdp_log_file":["[23:50:37.139831 INFO] Initializing directory /mnt/openstudio/analysis_0426b3d3-31a0-4a64-9f36-857b4e0dd432/data_point_573fe376-d1be-4016-b8c5-c88eafd3d7f4 for simulation with options {:transitions=>[{:from=>:queued, :to=>:preflight}, {:from=>:preflight, :to=>:openstudio}, {:from=>:openstudio, :to=>:energyplus}, {:from=>:energyplus, :to=>:reporting_measures}, {:from=>:reporting_measures, :to=>:postprocess}, {:from=>:postprocess, :to=>:finished}], :states=>[{:state=>:queued, :options=>{:initial=>true}}, {:state=>:preflight, :options=>{:after_enter=>:run_preflight}}, {:state=>:openstudio, :options=>{:after_enter=>:run_openstudio}}, {:state=>:energyplus, :options=>{:after_enter=>:run_energyplus}}, {:state=>:reporting_measures, :options=>{:after_enter=>:run_reporting_measures}}, {:state=>:postprocess, :options=>{:after_enter=>:run_postprocess}}, {:state=>:finished}, {:state=>:errored}], :jobs=>{}, :adapter_options=>{:mongoid_path=>\"/mnt/openstudio/rails-models\"}, :datapoint_id=>\"573fe376-d1be-4016-b8c5-c88eafd3d7f4\", :analysis_root_path=>\"/mnt/openstudio/analysis_0426b3d3-31a0-4a64-9f36-857b4e0dd432\"}","[23:50:37.141286 INFO] Initializing state machine","[23:50:37.141799 INFO] Starting workflow in /mnt/openstudio/analysis_0426b3d3-31a0-4a64-9f36-857b4e0dd432/data_point_573fe376-d1be-4016-b8c5-c88eafd3d7f4","[23:50:39.142350 INFO] Current state: 'queued'","[23:50:39.143069 INFO] Next state will be: 'preflight'","[23:50:39.143468 INFO] Running run_preflight","[23:50:39.144264 INFO] Getting method for state transition 'run_preflight'","[23:50:39.145143 INFO] Calling perform in the RunPreflight class","[23:50:41.146697 INFO] Current state: 'preflight'","[23:50:41.147379 INFO] Next state will be: 'openstudio'","[23:50:41.147785 INFO] Running run_openstudio","[23:50:41.149062 INFO] Getting method for state transition 'run_openstudio'","[23:50:41.152276 INFO] RunOpenstudio passed the following options {:format=>\"hash\", :use_monthly_reports=>false, :analysis_root_path=>\"/mnt/openstudio/analysis_0426b3d3-31a0-4a64-9f36-857b4e0dd432\", :transitions=>[{:from=>:queued, :to=>:preflight}, {:from=>:preflight, :to=>:openstudio}, {:from=>:openstudio, :to=>:energyplus}, {:from=>:energyplus, :to=>:reporting_measures}, {:from=>:reporting_measures, :to=>:postprocess}, {:from=>:postprocess, :to=>:finished}], :states=>[{:state=>:queued, :options=>{:initial=>true}}, {:state=>:preflight, :options=>{:after_enter=>:run_preflight}}, {:state=>:openstudio, :options=>{:after_enter=>:run_openstudio}}, {:state=>:energyplus, :options=>{:after_enter=>:run_energyplus}}, {:state=>:reporting_measures, :options=>{:after_enter=>:run_reporting_measures}}, {:state=>:postprocess, :options=>{:after_enter=>:run_postprocess}}, {:state=>:finished}, {:state=>:errored}], :jobs=>{}, :adapter_options=>{:mongoid_path=>\"/mnt/openstudio/rails-models\"}, :datapoint_id=>\"573fe376-d1be-4016-b8c5-c88eafd3d7f4\", :run_preflight=>{}}","[23:50:41.152982 INFO] Calling perform in the RunOpenstudio class","[23:50:41.153430 INFO] Current directory is /mnt/openstudio/analysis_0426b3d3-31a0-4a64-9f36-857b4e0dd432/data_point_573fe376-d1be-4016-b8c5-c88eafd3d7f4","[23:50:41.153863 INFO] Retrieving datapoint and problem"],"name":"diag Autogenerated 3894","analysis_id":"0426b3d3-31a0-4a64-9f36-857b4e0dd432","updated_at":"2015-11-14T23:50:41Z","created_at":"2015-11-14T22:28:23Z","uuid":"573fe376-d1be-4016-b8c5-c88eafd3d7f4","run_start_time":"2015-11-14T23:50:39Z","ip_address":"50.17.105.15","internal_ip_address":"10.236.10.36"}}