{"data_point":{"_id":"bbf4236d-81bb-47a9-81b0-dc17666c84cf","set_variable_values":{"a381ecfe-f228-4599-9bfb-7e05af335c3a":"SmallHotel","867cfd32-49da-4a61-b878-60cb1ba884a0":"ASHRAE 169-2006-3B","c7d1122a-1050-491d-b154-906c4220ee48":"90.1-2010","864fd724-8ffb-4588-8386-020bbc097448":0,"98f96c02-858d-44be-9bd2-b6c67ce402e5":0,"9b2494a5-35ea-45c1-9fe2-bae50895b5cd":0,"cd2d0251-0436-411c-be0b-7ee4d2e0d032":0,"975cfdf5-a363-4462-9227-f3f5df295a8a":0,"287b7217-b8c7-4423-b78d-51d7d471cf0a":0,"8c82cc07-e9d1-4f58-9d88-004ea6304a99":0,"770372ca-f14b-463f-a7b0-2dc79a23eda6":0,"69b433cb-12ce-4246-b73a-029e45c271ef":0,"68977ca7-8025-47ad-95bb-4999c40a98c9":0,"35ce7afa-f53a-4e6e-9301-098feed74793":0,"49404422-8d93-483a-8a9b-7a4de47670b4":0,"8bece14c-1f55-4128-9205-72d9102fcfda":1},"download_status":"na","status":"started","status_message":"","results":{},"sdp_log_file":["[04:56:26.178076 INFO] Initializing directory /mnt/openstudio/analysis_af074e3b-5e90-474e-8ffa-310ce619a299/data_point_bbf4236d-81bb-47a9-81b0-dc17666c84cf for simulation with options {:transitions=>[{:from=>:queued, :to=>:preflight}, {:from=>:preflight, :to=>:openstudio}, {:from=>:openstudio, :to=>:energyplus}, {:from=>:energyplus, :to=>:reporting_measures}, {:from=>:reporting_measures, :to=>:postprocess}, {:from=>:postprocess, :to=>:finished}], :states=>[{:state=>:queued, :options=>{:initial=>true}}, {:state=>:preflight, :options=>{:after_enter=>:run_preflight}}, {:state=>:openstudio, :options=>{:after_enter=>:run_openstudio}}, {:state=>:energyplus, :options=>{:after_enter=>:run_energyplus}}, {:state=>:reporting_measures, :options=>{:after_enter=>:run_reporting_measures}}, {:state=>:postprocess, :options=>{:after_enter=>:run_postprocess}}, {:state=>:finished}, {:state=>:errored}], :jobs=>{}, :adapter_options=>{:mongoid_path=>\"/mnt/openstudio/rails-models\"}, :datapoint_id=>\"bbf4236d-81bb-47a9-81b0-dc17666c84cf\", :analysis_root_path=>\"/mnt/openstudio/analysis_af074e3b-5e90-474e-8ffa-310ce619a299\"}","[04:56:26.185138 INFO] Initializing state machine","[04:56:26.185810 INFO] Starting workflow in /mnt/openstudio/analysis_af074e3b-5e90-474e-8ffa-310ce619a299/data_point_bbf4236d-81bb-47a9-81b0-dc17666c84cf","[04:56:28.186523 INFO] Current state: 'queued'","[04:56:28.187723 INFO] Next state will be: 'preflight'","[04:56:28.190683 INFO] Running run_preflight","[04:56:28.192830 INFO] Getting method for state transition 'run_preflight'","[04:56:28.194307 INFO] Calling perform in the RunPreflight class","[04:56:30.196136 INFO] Current state: 'preflight'","[04:56:30.201112 INFO] Next state will be: 'openstudio'","[04:56:30.201860 INFO] Running run_openstudio","[04:56:30.203636 INFO] Getting method for state transition 'run_openstudio'","[04:56:30.206797 INFO] RunOpenstudio passed the following options {:format=>\"hash\", :use_monthly_reports=>false, :analysis_root_path=>\"/mnt/openstudio/analysis_af074e3b-5e90-474e-8ffa-310ce619a299\", :transitions=>[{:from=>:queued, :to=>:preflight}, {:from=>:preflight, :to=>:openstudio}, {:from=>:openstudio, :to=>:energyplus}, {:from=>:energyplus, :to=>:reporting_measures}, {:from=>:reporting_measures, :to=>:postprocess}, {:from=>:postprocess, :to=>:finished}], :states=>[{:state=>:queued, :options=>{:initial=>true}}, {:state=>:preflight, :options=>{:after_enter=>:run_preflight}}, {:state=>:openstudio, :options=>{:after_enter=>:run_openstudio}}, {:state=>:energyplus, :options=>{:after_enter=>:run_energyplus}}, {:state=>:reporting_measures, :options=>{:after_enter=>:run_reporting_measures}}, {:state=>:postprocess, :options=>{:after_enter=>:run_postprocess}}, {:state=>:finished}, {:state=>:errored}], :jobs=>{}, :adapter_options=>{:mongoid_path=>\"/mnt/openstudio/rails-models\"}, :datapoint_id=>\"bbf4236d-81bb-47a9-81b0-dc17666c84cf\", :run_preflight=>{}}","[04:56:30.207273 INFO] Calling perform in the RunOpenstudio class","[04:56:30.207692 INFO] Current directory is /mnt/openstudio/analysis_af074e3b-5e90-474e-8ffa-310ce619a299/data_point_bbf4236d-81bb-47a9-81b0-dc17666c84cf","[04:56:30.208114 INFO] Retrieving datapoint and problem"],"name":"diag Autogenerated 1092","analysis_id":"af074e3b-5e90-474e-8ffa-310ce619a299","updated_at":"2015-11-14T04:56:30Z","created_at":"2015-11-14T04:04:14Z","uuid":"bbf4236d-81bb-47a9-81b0-dc17666c84cf","run_start_time":"2015-11-14T04:56:28Z","ip_address":"54.163.17.7","internal_ip_address":"10.16.178.16"}}