name,_id,run_start_time,run_end_time,status,status_message,create_doe_prototype_building.building_type,create_doe_prototype_building.climate_zone,create_doe_prototype_building.template,commercial_lighting_with_current_leds.run_measure,commercial_lighting_with_current_leds.applicable,create_doe_prototype_building.applicable,standard_report_legacy.cooling_electricity,standard_report_legacy.exterior_equipment_electricity,standard_report_legacy.exterior_lighting_electricity,standard_report_legacy.fans_electricity,standard_report_legacy.heat_rejection_electricity,standard_report_legacy.heating_electricity,standard_report_legacy.heating_natural_gas,standard_report_legacy.humidification_electricity,standard_report_legacy.interior_equipment_electricity,standard_report_legacy.interior_equipment_natural_gas,standard_report_legacy.interior_lighting_electricity,standard_report_legacy.pumps_electricity,standard_report_legacy.refrigeration_electricity,standard_report_legacy.total_energy,standard_report_legacy.total_source_energy,standard_report_legacy.water_systems_electricity,standard_report_legacy.water_systems_natural_gas
diag Autogenerated 18,04b83337-dfa9-4257-8ba9-b11bdae7c6bc,2015-11-13T22:23:51Z,2015-11-13T22:29:20Z,completed,completed normal,LargeOffice,ASHRAE 169-2006-4A,90.1-2010,1.0,true,true,89.37990881548536,0.0,25.512158636919203,81.49563372395706,7.0156506754642365,9.344378007384009,8.762722400827368,0.14944830421781002,173.87152497610933,0.0,58.009797634366656,20.757878311192066,0.0,489.37,1509.47,0.0,10.609426329002373
diag Autogenerated 62,055feec3-3a88-41f2-ae9c-d9cc38382831,2015-11-13T22:18:31Z,2015-11-13T22:22:36Z,completed,completed normal,MediumOffice,ASHRAE 169-2006-4A,DOE Ref Pre-1980,1.0,true,true,80.04110642107186,0.0,56.150006322520824,96.01600902414401,0.0,0.0,81.32166778063463,0.0,214.57029940648593,0.0,110.9873368940165,0.05419303559278149,0.0,649.09,1865.55,0.0,9.949439904941402
diag Autogenerated 58,06d6ea45-4fc8-4c05-bdfa-e7b89b85b81b,2015-11-13T22:18:31Z,2015-11-13T22:23:50Z,completed,completed normal,MediumOffice,ASHRAE 169-2006-3B,DOE Ref 1980-2004,1.0,true,true,205.17683990373712,0.0,56.206206507580006,152.37275174170395,0.0,256.01191443923256,0.0,0.0,214.57029940648593,0.0,110.9873368940165,0.05419303559278149,0.0,1004.41,3162.16,0.0,9.028158299864117
diag Autogenerated 56,0afb8e0f-ec7e-4f31-bbd3-4bdd798644dd,2015-11-13T22:18:32Z,2015-11-13T22:22:56Z,completed,completed normal,MediumOffice,ASHRAE 169-2006-3B,DOE Ref Pre-1980,1.0,true,true,109.12068789026513,0.0,56.206206507580006,138.86062153390378,0.0,0.0,10.298683912094884,0.0,214.57029940648593,0.0,110.9873368940165,0.05419303559278149,0.0,649.13,2015.53,0.0,9.028158299864117
diag Autogenerated 142,0b0db6e1-4ce5-4bfd-a51b-07c737d5b2b4,2015-11-13T22:16:04Z,2015-11-13T22:23:59Z,completed,completed normal,LargeHotel,ASHRAE 169-2006-5A,DOE Ref 1980-2004,1.0,true,true,278.15507580678855,0.0,122.04888548463722,227.24848813913084,0.0,0.0,859.8466852764451,0.0,172.13134261001701,109.17482056430465,122.1881503249366,42.53747590409765,3.9910835245286806,2569.47,4802.28,0.0,632.1477899639409
diag Autogenerated 26,0dee89d1-5e83-450a-ad89-dc8cec6758cb,2015-11-13T22:23:36Z,2015-11-13T22:25:37Z,completed,completed normal,SmallOffice,ASHRAE 169-2006-2A,DOE Ref Pre-1980,1.0,true,true,163.51044682682524,0.0,85.10055559902965,331.69653337506844,0.0,0.0,8.999139212770952,0.0,173.87902026762657,0.0,127.94428359026529,0.0,0.0,913.93,2828.22,0.0,22.791298223648173
diag Autogenerated 118,0eae90ea-93d1-4d04-a831-17e84d947800,2015-11-13T22:16:04Z,2015-11-13T22:26:32Z,completed,completed normal,SecondarySchool,ASHRAE 169-2006-5A,DOE Ref 1980-2004,1.0,true,true,178.11249489587587,0.0,17.539812168231933,230.58646386280114,0.0,0.0,989.6917109024091,0.0,116.54757043691302,18.387096774193548,133.19875459371173,14.666190281747651,4.560024499795835,1720.9,3313.58,0.0,17.612290730910576
diag Autogenerated 17,123024bd-f98f-4b97-ab8c-0bd5041b1abc,2015-11-13T22:23:50Z,2015-11-13T22:27:51Z,completed,completed normal,LargeOffice,ASHRAE 169-2006-4A,90.1-2010,0.0,false,true,95.83354967086291,0.0,25.512158636919203,87.45532337666165,7.5046904315197,9.34367637215294,12.567690258917432,0.16418264407027017,173.87152497610933,0.0,93.45991768415469,22.566693936889315,0.0,542.77,1670.68,0.0,10.609426329002373
diag Autogenerated 100,1295fed5-c35b-4d0b-b0a0-dea19c663c16,2015-11-13T22:16:04Z,2015-11-13T22:23:43Z,completed,completed normal,SecondarySchool,ASHRAE 169-2006-2A,DOE Ref 1980-2004,1.0,true,true,497.05543078807676,0.0,17.560228664761127,230.2628623928134,0.0,0.0,434.2639853001225,0.0,116.54757043691302,18.387096774193548,133.19875459371173,28.47795018374847,5.74009799918334,1493.36,3761.88,0.0,11.860963658636178
diag Autogenerated 115,157d99b0-644b-4294-acc8-08edb3a93d75,2015-11-13T22:16:04Z,2015-11-13T22:26:18Z,completed,completed normal,SecondarySchool,ASHRAE 169-2006-5A,DOE Ref Pre-1980,0.0,false,true,206.71192323397304,0.0,17.539812168231933,291.28572886892607,0.0,0.0,1116.8701510820742,0.0,116.54757043691302,18.387096774193548,283.9679461004492,17.35555328705594,4.5911596570028586,2090.87,4220.35,0.0,17.612290730910576
diag Autogenerated 128,17281bbd-075f-48d1-b084-735b67137c80,2015-11-13T22:16:04Z,2015-11-13T22:23:32Z,completed,completed normal,LargeHotel,ASHRAE 169-2006-3B,DOE Ref Pre-1980,1.0,true,true,385.99630331177076,0.0,122.084142406232,267.04385696619477,0.0,0.0,580.0636211150178,0.0,172.14897107081438,109.17482056430465,123.53584615289692,52.009247890534304,4.702391917703293,2280.45,4820.63,0.0,463.6849300458604
diag Autogenerated 130,1768ff8a-2b02-4efa-9e22-2fa6b3578ff2,2015-11-13T22:16:04Z,2015-11-13T22:23:17Z,completed,completed normal,LargeHotel,ASHRAE 169-2006-3B,DOE Ref 1980-2004,1.0,true,true,373.9340290111579,0.0,122.084142406232,253.84630979023012,0.0,0.0,562.0720140252033,0.0,172.13134261001701,109.17482056430465,122.1881503249366,46.38753174224722,4.701510494663424,2230.21,4699.0,0.0,463.6858114689003
diag Autogenerated 101,1b9f920d-7dcb-4579-afd5-afc8da29b932,2015-11-13T22:16:04Z,2015-11-13T22:26:00Z,completed,completed normal,SecondarySchool,ASHRAE 169-2006-2A,90.1-2010,0.0,false,true,215.25265414454879,0.0,5.922825643119641,106.26071866067784,0.0,0.0,76.53787260106166,0.0,123.86075949367088,28.3008370763577,115.81155573703552,6.518476929358922,5.7186606778276845,775.12,2089.37,8.10483870967742,70.60585953450388
diag Autogenerated 145,1c96763d-f130-43dd-abc8-5f616a017ec8,2015-11-13T22:16:04Z,2015-11-13T22:30:43Z,completed,completed normal,SmallHotel,ASHRAE 169-2006-2A,DOE Ref Pre-1980,0.0,false,true,213.45731132015814,0.0,66.43918257495466,66.62889317775378,0.0,1.532861670616863,0.0,0.0,205.27699012746024,47.920898267056884,247.77216515446239,0.10117898815952892,0.0,926.92,2673.7,0.0,77.78640609704583
diag Autogenerated 87,1d42ab1c-aa9c-4534-bc1a-9b225f99aef4,2015-11-13T22:16:05Z,2015-11-13T22:18:27Z,completed,completed normal,RetailStandalone,ASHRAE 169-2006-4A,DOE Ref 1980-2004,0.0,false,true,95.97687871350792,0.0,68.44406470821582,184.28153566493316,0.0,3.190946778320743,385.56837649684616,0.0,87.48076495538342,0.0,429.34363270982004,0.0,0.0,1254.28,3169.18,0.0,0.0
diag Autogenerated 16,1db8ddfc-5ea3-4383-a5d9-5d271af57a8d,2015-11-13T22:23:53Z,2015-11-13T22:27:31Z,completed,completed normal,LargeOffice,ASHRAE 169-2006-4A,DOE Ref 1980-2004,1.0,true,true,182.98685492816693,0.0,25.73101778873575,115.50702312999715,10.770845215693848,0.0,354.3518256545216,0.0,195.80184039987606,0.0,82.75287534412065,39.03252510826982,0.0,1085.37,2535.87,0.0,78.43630381118761
diag Autogenerated 165,1ebac868-bcc4-48cc-8a9c-daefbeed1f6d,2015-11-13T22:16:04Z,2015-11-13T22:31:01Z,completed,completed normal,SmallHotel,ASHRAE 169-2006-5A,DOE Ref 1980-2004,0.0,false,true,87.18593409706607,0.0,66.36582780853901,113.67712267193473,0.0,26.144650540422273,91.91858126822802,0.0,205.27699012746024,47.920898267056884,247.77216515446239,0.1112968869754818,0.0,995.72,2634.39,0.0,109.34666197870689
diag Autogenerated 162,20e2be17-baa8-4ab2-a5a7-674ed833d747,2015-11-13T22:16:04Z,2015-11-13T22:30:35Z,completed,completed normal,SmallHotel,ASHRAE 169-2006-4A,90.1-2010,1.0,true,true,72.996894034775,0.0,17.6693717467229,77.76187957874843,0.0,55.11007787731303,26.1899712490168,0.0,158.59214139792596,113.12478356227635,63.98503123414468,0.06979697134834326,0.0,746.46,1738.57,0.0,160.9625539248716
diag Autogenerated 52,2192709a-f55b-462f-b317-d9f387896800,2015-11-13T22:20:46Z,2015-11-13T22:23:46Z,completed,completed normal,MediumOffice,ASHRAE 169-2006-2A,DOE Ref 1980-2004,1.0,true,true,253.13767640334873,0.0,56.2222637033112,129.95088505255723,0.0,204.78946005672205,0.0,0.0,214.57029940648593,0.0,110.9873368940165,0.05419303559278149,0.0,978.28,3080.37,0.0,8.570528221525073
diag Autogenerated 65,228992a6-0a36-4b61-bfb6-59b97ba62839,2015-11-13T22:18:31Z,2015-11-13T22:23:27Z,completed,completed normal,MediumOffice,ASHRAE 169-2006-4A,90.1-2010,0.0,false,true,118.5864047738043,0.0,21.31592733316072,123.78692904124492,0.0,181.48846190129242,0.32515821355668895,0.0,154.9017600693671,0.0,79.09172472346499,0.030107241995989718,0.0,694.66,2167.78,0.0,15.129892677718033
diag Autogenerated 88,22d22758-801a-440e-9f80-a96fb98f7b4f,2015-11-13T22:16:04Z,2015-11-13T22:18:27Z,completed,completed normal,RetailStandalone,ASHRAE 169-2006-4A,DOE Ref 1980-2004,1.0,true,true,77.08403262437936,0.0,68.44406470821582,150.4496532242948,0.0,3.5048103958604875,448.8249730818356,0.0,87.48076495538342,0.0,266.492007375795,0.0,0.0,1102.27,2556.0,0.0,0.0
diag Autogenerated 137,2c7821c2-e3bd-44b4-9cb2-a023e8ace3ee,2015-11-13T22:16:05Z,2015-11-13T22:25:07Z,completed,completed normal,LargeHotel,ASHRAE 169-2006-4A,90.1-2010,0.0,false,true,249.74152269355827,0.0,104.65488321585433,161.51812778694946,0.0,0.0,285.2831439302124,0.0,151.2248695273545,157.768554175345,106.70859889875004,13.309487902028065,4.367451162552918,1445.54,3277.99,22.2374218728653,181.0698536573327
diag Autogenerated 43,2cacec0a-138f-438c-9f9f-999bc98cb881,2015-11-13T22:22:27Z,2015-11-13T22:24:03Z,completed,completed normal,SmallOffice,ASHRAE 169-2006-5A,DOE Ref Pre-1980,0.0,false,true,58.45527819078175,0.0,85.00273886845606,309.8442757649268,0.0,0.0,74.86892558103138,0.0,173.87902026762657,0.0,206.13897801079895,0.0,0.0,933.56,2747.82,0.0,25.334533218561702
diag Autogenerated 141,2eaa16d9-a6a4-41da-9077-8d02b6fddbb6,2015-11-13T22:16:04Z,2015-11-13T22:23:44Z,completed,completed normal,LargeHotel,ASHRAE 169-2006-5A,DOE Ref 1980-2004,0.0,false,true,310.5676452519063,0.0,122.04888548463722,255.0168395871767,0.0,0.0,884.0153050296642,0.0,172.13134261001701,109.17482056430465,196.8587845705134,48.95423563434694,3.989320678448942,2734.91,5275.87,0.0,632.1495528100206
diag Autogenerated 132,2f09912e-8776-4b27-bddf-59758d058737,2015-11-13T22:16:04Z,2015-11-13T22:24:35Z,completed,completed normal,LargeHotel,ASHRAE 169-2006-3B,90.1-2010,1.0,true,true,260.15818017873494,0.0,104.67515594577132,167.1900850485091,0.0,0.0,176.37539454698822,0.0,151.2248695273545,157.768554175345,66.2486370996246,9.7846771655903,4.843419604082398,1289.29,3035.58,22.2374218728653,168.7828164815531
diag Autogenerated 163,2f707f72-7177-4d71-82ad-8de6af49ab58,2015-11-13T22:16:04Z,2015-11-13T22:30:30Z,completed,completed normal,SmallHotel,ASHRAE 169-2006-5A,DOE Ref Pre-1980,0.0,false,true,88.79468000880257,0.0,66.36582780853901,35.331702665307496,0.0,55.177961192799096,0.0,0.0,205.27699012746024,47.920898267056884,247.77216515446239,0.1112968869754818,0.0,856.1,2383.69,0.0,109.34666197870689
diag Autogenerated 116,2fadb691-3f60-4100-b8f1-6f8f17453ded,2015-11-13T22:16:04Z,2015-11-13T22:26:21Z,completed,completed normal,SecondarySchool,ASHRAE 169-2006-5A,DOE Ref Pre-1980,1.0,true,true,187.02633728052265,0.0,17.539812168231933,262.4351776235198,0.0,0.0,1114.7345855451204,0.0,116.54757043691302,18.387096774193548,176.25561453654552,16.06829318089016,4.568701510820743,1931.18,3719.05,0.0,17.612290730910576
diag Autogenerated 148,307f0031-e8aa-4702-9033-a13834673f8d,2015-11-13T22:16:04Z,2015-11-13T22:30:45Z,completed,completed normal,SmallHotel,ASHRAE 169-2006-2A,DOE Ref 1980-2004,1.0,true,true,179.42069970329263,0.0,66.43918257495466,119.72762616387455,0.0,1.5455090441368042,16.874125750305435,0.0,205.27699012746024,47.920898267056884,153.78953252777995,0.10117898815952892,0.0,868.88,2454.76,0.0,77.78640609704583
diag Autogenerated 76,3131c544-f668-47eb-bb31-eb1ca2d05bf3,2015-11-13T22:16:04Z,2015-11-13T22:18:26Z,completed,completed normal,RetailStandalone,ASHRAE 169-2006-2A,DOE Ref 1980-2004,1.0,true,true,208.3226169250956,0.0,68.53124904642131,159.76965897846114,0.0,1.0113383231836235,105.27072916621259,0.0,87.48076495538342,0.0,266.492007375795,0.0,0.0,896.87,2621.12,0.0,0.0
diag Autogenerated 97,3194a901-9416-4851-997b-425ae83617b5,2015-11-13T22:16:04Z,2015-11-13T22:25:11Z,completed,completed normal,SecondarySchool,ASHRAE 169-2006-2A,DOE Ref Pre-1980,0.0,false,true,587.9369130257248,0.0,17.560228664761127,312.8690281747652,0.0,0.0,599.9152715394039,0.0,116.54757043691302,18.387096774193548,283.9679461004492,35.393527970600246,5.778889342588812,1990.22,4990.39,0.0,11.860963658636178
diag Autogenerated 99,338f549f-da06-4b6f-9bb2-0c10422e2356,2015-11-13T22:16:04Z,2015-11-13T22:24:30Z,completed,completed normal,SecondarySchool,ASHRAE 169-2006-2A,DOE Ref 1980-2004,0.0,false,true,527.4316047366272,0.0,17.560228664761127,249.06543487137608,0.0,0.0,448.74795835034706,0.0,116.54757043691302,18.387096774193548,214.5983054307881,29.991833401388323,5.754389546753777,1639.95,4195.96,0.0,11.860963658636178
diag Autogenerated 21,33a28cf3-15ed-4ca1-b2a3-194f69dec05c,2015-11-13T22:23:43Z,2015-11-13T22:28:02Z,completed,completed normal,LargeOffice,ASHRAE 169-2006-5A,DOE Ref 1980-2004,0.0,false,true,122.38569356309141,0.0,25.699580992414752,142.77245597725772,9.305291711015006,0.0,472.058676031838,0.0,195.80184039987606,0.0,133.32345319734674,22.90544859559855,0.0,1212.06,2672.39,0.0,87.8037206196941
diag Autogenerated 135,3626c1d0-a69b-4d44-b28d-a3e0cc58fc2e,2015-11-13T22:16:04Z,2015-11-13T22:22:10Z,completed,completed normal,LargeHotel,ASHRAE 169-2006-4A,DOE Ref 1980-2004,0.0,false,true,350.4441049986382,0.0,122.04624121551763,252.22360997383052,0.0,0.0,775.9440261112761,0.0,172.13134261001701,109.17482056430465,196.8587845705134,54.50720078552421,4.226423476173813,2601.93,5221.02,0.0,564.3742910053422
diag Autogenerated 79,3b6b529e-f2b1-436d-aa31-6911b347f7eb,2015-11-13T22:16:04Z,2015-11-13T22:18:26Z,completed,completed normal,RetailStandalone,ASHRAE 169-2006-3B,DOE Ref Pre-1980,0.0,false,true,149.07214068064815,0.0,68.50945296186994,235.47181984228357,0.0,1.6390655582631137,128.6186949376414,0.0,87.48076495538342,0.0,429.34363270982004,0.0,0.0,1100.14,3216.22,0.0,0.0
diag Autogenerated 147,3d435ea4-8736-4d7a-b8e8-3e9bb027b62d,2015-11-13T22:16:04Z,2015-11-13T22:30:29Z,completed,completed normal,SmallHotel,ASHRAE 169-2006-2A,DOE Ref 1980-2004,0.0,false,true,208.4868935268213,0.0,66.43918257495466,138.531741113323,0.0,0.48060019375776236,14.50400795266847,0.0,205.27699012746024,47.920898267056884,247.77216515446239,0.10117898815952892,0.0,1007.3,2898.06,0.0,77.78640609704583
diag Autogenerated 86,40c446bc-64ce-4d7d-9db3-8e1cc2e12268,2015-11-13T22:16:04Z,2015-11-13T22:18:27Z,completed,completed normal,RetailStandalone,ASHRAE 169-2006-4A,DOE Ref Pre-1980,1.0,true,true,88.61416135205472,0.0,68.44406470821582,183.1437800513516,0.0,4.180489016952995,491.5627356701643,0.0,87.48076495538342,0.0,266.492007375795,0.0,0.0,1189.91,2744.52,0.0,0.0
diag Autogenerated 95,41f1c2ab-0f3f-42cf-ba43-ebe610dc01ba,2015-11-13T22:16:04Z,2015-11-13T22:18:27Z,completed,completed normal,RetailStandalone,ASHRAE 169-2006-5A,90.1-2010,0.0,false,true,51.17284730970929,0.0,27.258183339944814,146.24300890588017,0.0,0.0,252.36378536959623,0.0,86.14684458083951,0.0,181.44368545634464,0.0,0.0,770.2,1860.28,0.0,25.571166395668683
diag Autogenerated 159,43b3485a-fe49-48f6-a1f9-c5879f806c8e,2015-11-13T22:16:04Z,2015-11-13T22:30:03Z,completed,completed normal,SmallHotel,ASHRAE 169-2006-4A,DOE Ref 1980-2004,0.0,false,true,110.8466404781719,0.0,66.44677099906663,116.5834891068172,0.0,9.814361851474304,57.97050126600209,0.0,205.27699012746024,47.920898267056884,247.77216515446239,0.10876741227149359,0.0,962.3,2619.66,0.0,99.55506539956848
diag Autogenerated 7,448ea7b1-bffc-4422-bca6-fc6f89016f35,2015-11-13T22:24:01Z,2015-11-13T22:27:23Z,completed,completed normal,LargeOffice,ASHRAE 169-2006-3B,DOE Ref Pre-1980,0.0,false,true,215.9797726670529,0.0,25.745239196595247,201.1221439296295,10.927280702148332,0.0,416.315248193507,0.0,195.80184039987606,0.0,199.9851797960201,35.79827756295967,0.0,1366.2,3325.17,0.0,64.5247729439961
diag Autogenerated 10,44ffcb88-02db-4eea-aaa1-5a8b9c9c0d91,2015-11-13T22:23:58Z,2015-11-13T22:26:46Z,completed,completed normal,LargeOffice,ASHRAE 169-2006-3B,DOE Ref 1980-2004,1.0,true,true,158.47139326384305,0.0,25.745239196595247,135.83166044667198,7.85246262389466,0.0,290.9520409217269,0.0,195.80184039987606,0.0,82.75287534412065,25.625479972515258,0.0,987.56,2387.13,0.0,64.5232759536951
diag Autogenerated 25,4572fd37-c6ad-4265-b8ae-8cdccda668a5,2015-11-13T22:23:36Z,2015-11-13T22:25:28Z,completed,completed normal,SmallOffice,ASHRAE 169-2006-2A,DOE Ref Pre-1980,0.0,false,true,180.41317786994287,0.0,85.10055559902965,360.5915955865091,0.0,0.0,7.805775099773065,0.0,173.87902026762657,0.0,206.13897801079895,0.0,0.0,1036.72,3219.58,0.0,22.791298223648173
diag Autogenerated 117,46390a69-b191-44ae-8b40-b30d9ed12e69,2015-11-13T22:16:05Z,2015-11-13T22:26:29Z,completed,completed normal,SecondarySchool,ASHRAE 169-2006-5A,DOE Ref 1980-2004,0.0,false,true,193.30185790118415,0.0,17.539812168231933,251.01827276439363,0.0,0.0,979.7815434871376,0.0,116.54757043691302,18.387096774193548,214.5983054307881,15.597692935892201,4.574316047366272,1828.96,3676.44,0.0,17.612290730910576
diag Autogenerated 14,48f666ed-0feb-4c46-a425-500084dca374,2015-11-13T22:23:54Z,2015-11-13T22:27:32Z,completed,completed normal,LargeOffice,ASHRAE 169-2006-4A,DOE Ref Pre-1980,1.0,true,true,225.2888068538204,0.0,25.73101778873575,156.65105305782726,13.115132027059598,0.0,526.9226220683316,0.0,195.80184039987606,0.0,124.12893876860572,47.43288618233043,0.0,1393.51,3152.28,0.0,78.43630381118761
diag Autogenerated 83,4903a939-cef7-4f6a-b59a-b8baf1aa2f89,2015-11-13T22:16:04Z,2015-11-13T22:18:26Z,completed,completed normal,RetailStandalone,ASHRAE 169-2006-3B,90.1-2010,0.0,false,true,96.92282878303743,0.0,27.022785626790007,162.64238292233185,0.0,0.0,33.75341653625343,0.0,86.14684458083951,0.0,187.56402599836966,0.0,0.0,619.62,1838.77,0.0,25.571166395668683
diag Autogenerated 48,4a1f5642-1150-4bf6-81e3-544114ada5ed,2015-11-13T22:22:00Z,2015-11-13T22:23:55Z,completed,completed normal,SmallOffice,ASHRAE 169-2006-5A,90.1-2010,1.0,true,true,29.34501917207919,0.0,24.493309335628766,108.576570936693,0.0,32.14257766648407,22.86955160810705,0.0,92.92589404491744,0.0,65.73284294545739,0.0,0.0,411.3,1254.95,35.23358635260975,0.0
diag Autogenerated 166,4d6d8929-ef73-455c-809d-f09b581b762a,2015-11-13T22:16:04Z,2015-11-13T22:30:31Z,completed,completed normal,SmallHotel,ASHRAE 169-2006-5A,DOE Ref 1980-2004,1.0,true,true,70.35986836613641,0.0,66.36582780853901,98.95810936942725,0.0,43.661262865540714,105.20591188827817,0.0,205.27699012746024,47.920898267056884,153.78953252777995,0.1112968869754818,0.0,901.0,2306.72,0.0,109.34666197870689
diag Autogenerated 38,4d8623da-478c-4dd6-add7-373dc4833bf8,2015-11-13T22:22:56Z,2015-11-13T22:24:34Z,completed,completed normal,SmallOffice,ASHRAE 169-2006-4A,DOE Ref Pre-1980,1.0,true,true,82.06823695124814,0.0,85.00273886845606,309.78558572658267,0.0,0.0,50.238672822599575,0.0,173.87902026762657,0.0,127.94428359026529,0.0,0.0,853.45,2547.1,0.0,24.551999373972922
diag Autogenerated 31,4ed8fe24-76ab-4f59-aa10-f43ef0bc0ac0,2015-11-13T22:23:32Z,2015-11-13T22:25:34Z,completed,completed normal,SmallOffice,ASHRAE 169-2006-3B,DOE Ref Pre-1980,0.0,false,true,146.0599420924955,0.0,85.08099225291494,344.66703184912745,0.0,0.0,16.6875342358557,0.0,173.87902026762657,0.0,206.13897801079895,0.0,0.0,995.89,3070.54,0.0,23.358635260975035
diag Autogenerated 28,4fc9ea18-66da-4ba2-b9df-df881b77a070,2015-11-13T22:23:36Z,2015-11-13T22:25:26Z,completed,completed normal,SmallOffice,ASHRAE 169-2006-2A,DOE Ref 1980-2004,1.0,true,true,110.10251193364113,0.0,85.10055559902965,207.82142577666482,0.0,0.0,5.692933719383363,0.0,173.87902026762657,0.0,127.94428359026529,0.0,0.0,733.33,2263.15,0.0,22.791298223648173
diag Autogenerated 45,504968a2-6787-4a08-aa17-891f8bab8859,2015-11-13T22:22:16Z,2015-11-13T22:23:49Z,completed,completed normal,SmallOffice,ASHRAE 169-2006-5A,DOE Ref 1980-2004,0.0,false,true,46.67814382972063,0.0,85.00273886845606,264.80945300884264,0.0,0.0,57.594490961734095,0.0,173.87902026762657,0.0,206.13897801079895,0.0,0.0,859.46,2549.15,0.0,25.334533218561702
diag Autogenerated 49,50cd96c3-efc3-4a65-8fd1-7758cb6ee27e,2015-11-13T22:21:53Z,2015-11-13T22:24:47Z,completed,completed normal,MediumOffice,ASHRAE 169-2006-2A,DOE Ref Pre-1980,0.0,false,true,174.2085307866621,0.0,56.2222637033112,117.16132865266079,0.0,0.0,5.967255363605162,0.0,214.57029940648593,0.0,178.81293166258214,0.05419303559278149,0.0,755.57,2362.6,0.0,8.570528221525073
diag Autogenerated 150,523eb7e5-d5d5-48a5-8f60-c4aff2284ab0,2015-11-13T22:16:04Z,2015-11-13T22:31:06Z,completed,completed normal,SmallHotel,ASHRAE 169-2006-2A,90.1-2010,1.0,true,true,134.9524441020217,0.0,17.666687247824886,79.91484769495501,0.0,13.484237964720315,6.609236286908504,0.0,158.59214139792596,113.12478356227635,63.98503123414468,0.06979697134834326,0.0,723.51,1760.52,0.0,135.11351403590248
diag Autogenerated 149,59933f2a-cf5d-451b-a8c9-6925c6a09631,2015-11-13T22:16:04Z,2015-11-13T22:30:52Z,completed,completed normal,SmallHotel,ASHRAE 169-2006-2A,90.1-2010,0.0,false,true,145.0381064618573,0.0,17.666687247824886,85.1549895438768,0.0,10.810477062299165,5.825362608688649,0.0,158.59214139792596,113.12478356227635,103.08744218260497,0.06979697134834326,0.0,774.48,1923.57,0.0,135.11351403590248
diag Autogenerated 85,5c073b4c-98ce-4b1d-b410-384cf8352fb5,2015-11-13T22:16:04Z,2015-11-13T22:18:26Z,completed,completed normal,RetailStandalone,ASHRAE 169-2006-4A,DOE Ref Pre-1980,0.0,false,true,105.44509784262357,0.0,68.44406470821582,208.48390795077574,0.0,3.9058583516057177,433.0097341313607,0.0,87.48076495538342,0.0,429.34363270982004,0.0,0.0,1336.12,3329.52,0.0,0.0
diag Autogenerated 158,5e45c1cd-64c0-44ea-a292-ddd21320a2bf,2015-11-13T22:16:04Z,2015-11-13T22:30:16Z,completed,completed normal,SmallHotel,ASHRAE 169-2006-4A,DOE Ref Pre-1980,1.0,true,true,96.56775577415839,0.0,66.44677099906663,35.716182820313705,0.0,47.89813299472099,0.0,0.0,205.27699012746024,47.920898267056884,153.78953252777995,0.10876741227149359,0.0,753.28,2078.46,0.0,99.55506539956848
diag Autogenerated 33,5ece7f9e-513e-4f41-bb07-027d9a801355,2015-11-13T22:23:23Z,2015-11-13T22:24:52Z,completed,completed normal,SmallOffice,ASHRAE 169-2006-3B,DOE Ref 1980-2004,0.0,false,true,94.94091869473354,0.0,85.08099225291494,253.13013537835508,0.0,0.0,6.005947257218875,0.0,173.87902026762657,0.0,206.13897801079895,0.0,0.0,842.54,2607.15,0.0,23.358635260975035
diag Autogenerated 151,5f810974-e4bc-40ce-8712-1b08c104103f,2015-11-13T22:16:04Z,2015-11-13T22:31:32Z,completed,completed normal,SmallHotel,ASHRAE 169-2006-3B,DOE Ref Pre-1980,0.0,false,true,163.86695974846904,0.0,66.48471311962645,56.79935447805554,0.0,1.8692818062472967,0.0,0.0,205.27699012746024,47.920898267056884,247.77216515446239,0.10370846286351713,0.0,875.09,2494.54,0.0,85.00046795282024
diag Autogenerated 89,5f98e9a2-1c84-428c-83f7-7420bc1cee09,2015-11-13T22:16:04Z,2015-11-13T22:18:26Z,completed,completed normal,RetailStandalone,ASHRAE 169-2006-4A,90.1-2010,0.0,false,true,66.3472813743739,0.0,27.083814663533847,140.96399722753804,0.0,0.0,157.00591545734727,0.0,86.14684458083951,0.0,180.8115990043549,0.0,0.0,683.93,1785.7,0.0,25.571166395668683
diag Autogenerated 122,60a9f934-e54e-4265-b00e-ce64f56b9d7c,2015-11-13T22:16:04Z,2015-11-13T22:22:21Z,completed,completed normal,LargeHotel,ASHRAE 169-2006-2A,DOE Ref Pre-1980,1.0,true,true,608.5186011111218,0.0,122.09471948271043,239.54522096834896,0.0,0.0,584.4689734682851,0.0,172.14897107081438,109.17482056430465,123.53584615289692,71.75841252184827,5.177478936192904,2450.21,5453.04,0.0,413.7884531818931
diag Autogenerated 20,62127815-f2a5-4670-af42-1fbc8f0a3d38,2015-11-13T22:23:45Z,2015-11-13T22:27:32Z,completed,completed normal,LargeOffice,ASHRAE 169-2006-5A,DOE Ref Pre-1980,1.0,true,true,114.61182292999924,0.0,25.699580992414752,142.77395296755873,9.06277928225303,0.0,527.911384162142,0.0,195.80184039987606,0.0,124.12893876860572,22.418926747773604,0.0,1250.21,2676.89,0.0,87.8037206196941
diag Autogenerated 8,62a418c0-bd9f-4474-b410-94374421450f,2015-11-13T22:24:05Z,2015-11-13T22:28:51Z,completed,completed normal,LargeOffice,ASHRAE 169-2006-3B,DOE Ref Pre-1980,1.0,true,true,193.5975221816538,0.0,25.745239196595247,179.03180655292536,9.871902539943445,0.0,383.6868475929145,0.0,195.80184039987606,0.0,124.12893876860572,32.17256705393806,0.0,1208.56,2893.89,0.0,64.5247729439961
diag Autogenerated 114,64162d53-1b18-47bd-836e-141873e4aa89,2015-11-13T22:16:04Z,2015-11-13T22:27:26Z,completed,completed normal,SecondarySchool,ASHRAE 169-2006-4A,90.1-2010,1.0,true,true,102.47039608003267,0.0,5.9611065741118825,90.95753368721927,0.0,0.0,170.48387096774192,0.0,123.86075949367088,28.3008370763577,65.88148223764802,3.920477746018783,4.882605144957125,688.71,1607.48,8.10483870967742,76.61137198856676
diag Autogenerated 126,649d37d8-941b-4a37-8b75-8481e65f70fd,2015-11-13T22:16:04Z,2015-11-13T22:24:24Z,completed,completed normal,LargeHotel,ASHRAE 169-2006-2A,90.1-2010,1.0,true,true,415.469326918924,0.0,104.68132590705041,148.33732764874233,0.0,0.0,239.66862019393068,0.0,151.2248695273545,157.768554175345,66.49102843558869,14.499409005851767,5.296471046575275,1500.66,3585.82,22.2374218728653,162.69747181429474
diag Autogenerated 3,65ba220f-8a52-4422-b2c3-982c3868ddf8,2015-11-13T22:24:35Z,2015-11-13T22:27:44Z,completed,completed normal,LargeOffice,ASHRAE 169-2006-2A,DOE Ref 1980-2004,0.0,false,true,268.4388037849903,0.0,25.72802380813375,127.34073145940089,25.219047105793802,0.0,272.74938735671935,0.0,195.80184039987606,0.0,133.32345319734674,40.1762256982337,0.0,1146.41,2942.49,0.0,57.62888712244034
diag Autogenerated 53,67fed5b5-924b-4f1d-bfc9-cb7bef645fb8,2015-11-13T22:18:32Z,2015-11-13T22:23:15Z,completed,completed normal,MediumOffice,ASHRAE 169-2006-2A,90.1-2010,0.0,false,true,226.28803799132513,0.0,21.16338397371437,133.34296765077207,0.0,218.21327568800066,0.0,0.0,154.9017600693671,0.0,93.17187823025618,0.030107241995989718,0.0,860.21,2697.01,0.0,13.102671716654726
diag Autogenerated 94,68a40afb-30d9-4856-a083-a32889eb823f,2015-11-13T22:16:04Z,2015-11-13T22:18:27Z,completed,completed normal,RetailStandalone,ASHRAE 169-2006-5A,DOE Ref 1980-2004,1.0,true,true,57.144974476784995,0.0,68.4484239251261,188.88922793909305,0.0,5.252856376880458,660.482390943291,0.0,87.48076495538342,0.0,266.492007375795,0.0,0.0,1334.19,2849.59,0.0,0.0
diag Autogenerated 156,6ab4eca4-0aa3-44e6-b1bf-52b29216dd1e,2015-11-13T22:16:04Z,2015-11-13T22:31:55Z,completed,completed normal,SmallHotel,ASHRAE 169-2006-3B,90.1-2010,1.0,true,true,96.17217302132298,0.0,17.68010974231495,89.66226319364095,0.0,13.398333999983892,5.983748043671428,0.0,158.59214139792596,113.12478356227635,63.98503123414468,0.06979697134834326,0.0,702.35,1676.94,0.0,143.6797500194626
diag Autogenerated 5,6b0f4719-dead-4f5c-ba03-337ebf6dda75,2015-11-13T22:24:11Z,2015-11-13T22:28:05Z,completed,completed normal,LargeOffice,ASHRAE 169-2006-2A,90.1-2010,0.0,false,true,158.78285933195906,0.0,24.54670855896753,89.84579460891554,17.86573788872346,7.72921370546195,0.5578000087002769,0.1417303166760452,173.87152497610933,0.0,102.504697447872,31.130151932092936,0.0,621.62,1948.36,0.0,9.194929703166201
diag Autogenerated 23,6c06c774-be3f-4c13-9181-f6b06e9724b0,2015-11-13T22:23:38Z,2015-11-13T22:27:33Z,completed,completed normal,LargeOffice,ASHRAE 169-2006-5A,90.1-2010,0.0,false,true,86.24149442691136,0.0,26.20607588044697,89.90262706263216,5.93372914915502,10.28456921701718,14.517534566059659,0.14032704621390613,173.87152497610933,0.0,93.06068723767613,20.261120567594837,0.0,535.66,1642.72,0.0,11.264753634821314
diag Autogenerated 40,6cb34ff2-32fc-440c-98a7-a33b75422a3a,2015-11-13T22:22:42Z,2015-11-13T22:24:33Z,completed,completed normal,SmallOffice,ASHRAE 169-2006-4A,DOE Ref 1980-2004,1.0,true,true,49.4561389780108,0.0,85.00273886845606,200.13303075358007,0.0,0.0,39.32232569058612,0.0,173.87902026762657,0.0,127.94428359026529,0.0,0.0,700.29,2084.77,0.0,24.551999373972922
diag Autogenerated 92,6ced3eec-bb68-4045-aeab-3dc94cbfca33,2015-11-13T22:16:04Z,2015-11-13T22:18:27Z,completed,completed normal,RetailStandalone,ASHRAE 169-2006-5A,DOE Ref Pre-1980,1.0,true,true,60.2748922183619,0.0,68.4484239251261,205.23193213571116,0.0,5.941612648703788,726.2847702038806,0.0,87.48076495538342,0.0,266.492007375795,0.0,0.0,1420.15,2984.76,0.0,0.0
diag Autogenerated 73,6d76c46d-6529-46c3-b89b-31cec42f40a9,2015-11-13T22:18:31Z,2015-11-13T22:20:42Z,completed,completed normal,RetailStandalone,ASHRAE 169-2006-2A,DOE Ref Pre-1980,0.0,false,true,247.43787026098633,0.0,68.53124904642131,206.42199835221604,0.0,1.129037179761028,96.96642095214017,0.0,87.48076495538342,0.0,429.34363270982004,0.0,0.0,1137.32,3399.89,0.0,0.0
diag Autogenerated 108,6e9552d6-433d-4c38-9fae-d34bbae9420d,2015-11-13T22:16:04Z,2015-11-13T22:27:44Z,completed,completed normal,SecondarySchool,ASHRAE 169-2006-3B,90.1-2010,1.0,true,true,124.17211106574112,0.0,5.948856676194365,100.65383830134749,0.0,0.0,55.771233156390366,0.0,123.86075949367088,28.3008370763577,66.55114332380563,3.712739893834218,5.319007758268681,602.72,1582.16,8.10483870967742,72.74806043282973
diag Autogenerated 133,7118ac4d-c780-4568-b974-57725264753a,2015-11-13T22:16:04Z,2015-11-13T22:21:54Z,completed,completed normal,LargeHotel,ASHRAE 169-2006-4A,DOE Ref Pre-1980,0.0,false,true,353.9671528889962,0.0,122.04624121551763,258.06039334384576,0.0,0.0,834.3330139643851,0.0,172.14897107081438,109.17482056430465,199.03061094075161,59.325940544490265,4.229067745293421,2676.69,5336.16,0.0,564.3725281592625
diag Autogenerated 30,73ca4069-9a61-4439-9a54-f5c47c8fc9c4,2015-11-13T22:23:32Z,2015-11-13T22:25:57Z,completed,completed normal,SmallOffice,ASHRAE 169-2006-2A,90.1-2010,1.0,true,true,65.7524062915721,0.0,24.180295797793253,118.5147507629705,0.0,2.347601533766335,0.23476015337663353,0.0,92.92589404491744,0.0,69.11730182330385,0.0,0.0,408.29,1292.55,35.23358635260975,0.0
diag Autogenerated 32,73e6ade7-aa7b-4858-bf57-355152deea52,2015-11-13T22:23:27Z,2015-11-13T22:25:00Z,completed,completed normal,SmallOffice,ASHRAE 169-2006-3B,DOE Ref Pre-1980,1.0,true,true,130.8787855074732,0.0,85.08099225291494,317.37616401909384,0.0,0.0,19.035135769622034,0.0,173.87902026762657,0.0,127.94428359026529,0.0,0.0,877.58,2690.98,0.0,23.358635260975035
diag Autogenerated 59,79c8e655-f295-4689-b79e-09c8169b1468,2015-11-13T22:18:31Z,2015-11-13T22:23:31Z,completed,completed normal,MediumOffice,ASHRAE 169-2006-3B,90.1-2010,0.0,false,true,145.88363751683497,0.0,21.26574859650074,140.52053414261601,0.0,136.383799092367,0.0,0.0,154.9017600693671,0.0,79.041545986805,0.030107241995989718,0.0,691.79,2162.24,0.0,13.767038190032899
diag Autogenerated 124,7aff40c4-e080-458e-ab3d-1c7cd3578278,2015-11-13T22:16:05Z,2015-11-13T22:21:46Z,completed,completed normal,LargeHotel,ASHRAE 169-2006-2A,DOE Ref 1980-2004,1.0,true,true,614.4250169012868,0.0,122.09471948271043,229.75172957235998,0.0,0.0,555.6050131816816,0.0,172.13134261001701,109.17482056430465,122.1881503249366,65.52851447605128,5.181004628352382,2409.87,5385.4,0.0,413.7884531818931
diag Autogenerated 77,7b9bcb11-bd07-4d51-bb73-84755c3df57e,2015-11-13T22:16:04Z,2015-11-13T22:18:26Z,completed,completed normal,RetailStandalone,ASHRAE 169-2006-2A,90.1-2010,0.0,false,true,114.3204634719419,0.0,26.892009119481777,141.12964747012848,0.0,0.0,31.464827658359454,0.0,86.14684458083951,0.0,184.68694283758867,0.0,0.0,615.78,1831.37,0.0,25.571166395668683
diag Autogenerated 71,7ce78b2c-8c36-41a3-b9b1-c5d41269a746,2015-11-13T22:18:31Z,2015-11-13T22:23:37Z,completed,completed normal,MediumOffice,ASHRAE 169-2006-5A,90.1-2010,0.0,false,true,103.20160411385355,0.0,21.450406347409473,126.58489539740557,0.0,200.32555964345,2.757823366832658,0.0,154.9017600693671,0.0,78.1624145205221,0.030107241995989718,0.0,703.48,2188.72,0.0,16.059202880660916
diag Autogenerated 131,7d200bfe-0cf3-4200-8cec-4731961b5436,2015-11-13T22:16:05Z,2015-11-13T22:24:50Z,completed,completed normal,LargeHotel,ASHRAE 169-2006-3B,90.1-2010,0.0,false,true,280.5155267075588,0.0,104.67515594577132,179.19947396672978,0.0,0.0,188.97621832496128,0.0,151.2248695273545,157.768554175345,106.73416016690626,10.597349208349897,4.840775334962791,1375.56,3282.54,22.2374218728653,168.79339355803157
diag Autogenerated 74,81fa133b-9bea-4f7f-a013-d2fabdec0c81,2015-11-13T22:18:31Z,2015-11-13T22:20:42Z,completed,completed normal,RetailStandalone,ASHRAE 169-2006-2A,DOE Ref Pre-1980,1.0,true,true,215.65917898508715,0.0,68.53124904642131,181.0644335851508,0.0,1.2249399517870612,114.59945335419947,0.0,87.48076495538342,0.0,266.492007375795,0.0,0.0,935.05,2722.58,0.0,0.0
diag Autogenerated 22,83bafc9a-2eb2-4386-9448-42d4689ecd49,2015-11-13T22:23:41Z,2015-11-13T22:27:22Z,completed,completed normal,LargeOffice,ASHRAE 169-2006-5A,DOE Ref 1980-2004,1.0,true,true,109.19047255492832,0.0,25.699580992414752,124.80183590890515,8.342726947472107,0.0,432.4775039782517,0.0,195.80184039987606,0.0,82.75287534412065,20.807416688747274,0.0,1087.68,2360.93,0.0,87.8037206196941
diag Autogenerated 29,84db0aee-c165-4ddf-b643-ac58ee04b791,2015-11-13T22:23:33Z,2015-11-13T22:25:46Z,completed,completed normal,SmallOffice,ASHRAE 169-2006-2A,90.1-2010,0.0,false,true,72.63870412395336,0.0,24.180295797793253,128.9811409343454,0.0,1.8780812270130682,0.1956334611471946,0.0,92.92589404491744,0.0,111.35456608498318,0.0,0.0,467.38,1479.79,35.23358635260975,0.0
diag Autogenerated 112,84e372ee-f5c1-4507-a75a-3d0f09eebb8a,2015-11-13T22:16:05Z,2015-11-13T22:26:28Z,completed,completed normal,SecondarySchool,ASHRAE 169-2006-4A,DOE Ref 1980-2004,1.0,true,true,287.0574724377297,0.0,17.53828093099224,224.62280522662311,0.0,0.0,778.3141077991016,0.0,116.54757043691302,18.387096774193548,133.19875459371173,25.623213556553697,4.804001633319722,1621.97,3444.18,0.0,15.874846876276031
diag Autogenerated 42,853023b0-4b5b-4c3f-874b-d9d58277d660,2015-11-13T22:22:30Z,2015-11-13T22:24:33Z,completed,completed normal,SmallOffice,ASHRAE 169-2006-4A,90.1-2010,1.0,true,true,35.311839737068624,0.0,24.336802566711008,104.40957821425776,0.0,18.83950230847484,6.964551216840128,0.0,92.92589404491744,0.0,69.11730182330385,0.0,0.0,387.12,1211.48,35.23358635260975,0.0
diag Autogenerated 41,85cceeee-10b7-419c-85d2-eea79ec502de,2015-11-13T22:22:33Z,2015-11-13T22:24:32Z,completed,completed normal,SmallOffice,ASHRAE 169-2006-4A,90.1-2010,0.0,false,true,39.96791611237186,0.0,24.336802566711008,114.993348462321,0.0,16.33539400579075,5.3016667970889735,0.0,92.92589404491744,0.0,111.35456608498318,0.0,0.0,440.43,1383.77,35.23358635260975,0.0
diag Autogenerated 90,86e89ad2-8383-4143-b5d7-2053da2da017,2015-11-13T22:16:04Z,2015-11-13T22:18:26Z,completed,completed normal,RetailStandalone,ASHRAE 169-2006-4A,90.1-2010,1.0,true,true,57.91219665299326,0.0,27.083814663533847,122.71631524113009,0.0,0.0,181.49599605926792,0.0,86.14684458083951,0.0,103.8321875858221,0.0,0.0,604.75,1483.94,0.0,25.571166395668683
diag Autogenerated 50,89ffc867-4c52-43ef-9875-2a680b347a58,2015-11-13T22:20:47Z,2015-11-13T22:23:50Z,completed,completed normal,MediumOffice,ASHRAE 169-2006-2A,DOE Ref Pre-1980,1.0,true,true,158.23362818358996,0.0,56.2222637033112,108.78147963044366,0.0,0.0,7.615125075518999,0.0,214.57029940648593,0.0,110.9873368940165,0.05419303559278149,0.0,665.04,2072.45,0.0,8.570528221525073
diag Autogenerated 4,8adb08e8-6ae2-4718-bd2e-068656584ec6,2015-11-13T22:24:08Z,2015-11-13T22:27:09Z,completed,completed normal,LargeOffice,ASHRAE 169-2006-2A,DOE Ref 1980-2004,1.0,true,true,247.8566841365435,0.0,25.72802380813375,114.1455104512378,23.314875442922006,0.0,249.32298613637283,0.0,195.80184039987606,0.0,82.75287534412065,37.3551474759995,0.0,1033.91,2635.0,0.0,57.62888712244034
diag Autogenerated 91,8b7e6c4a-4559-4de0-91a2-365656da99c6,2015-11-13T22:16:04Z,2015-11-13T22:18:26Z,completed,completed normal,RetailStandalone,ASHRAE 169-2006-5A,DOE Ref Pre-1980,0.0,false,true,70.84599322577692,0.0,68.4484239251261,208.94598494326482,0.0,5.558001560599655,669.2226208483909,0.0,87.48076495538342,0.0,429.34363270982004,0.0,0.0,1539.85,3482.71,0.0,0.0
diag Autogenerated 24,8b9e1f79-b3d0-4274-b07b-dede0ab2ff41,2015-11-13T22:23:41Z,2015-11-13T22:27:49Z,completed,completed normal,LargeOffice,ASHRAE 169-2006-5A,90.1-2010,1.0,true,true,79.72540803596863,0.0,26.20607588044697,83.64965388334052,5.514852916206511,9.691687446763426,15.940450814668667,0.1283992472857241,173.87152497610933,0.0,57.76141876256804,17.945724305065387,0.0,485.98,1482.42,0.0,11.264753634821314
diag Autogenerated 104,8f11e6ff-b861-464c-a336-d2f1f847b1db,2015-11-13T22:16:04Z,2015-11-13T22:25:11Z,completed,completed normal,SecondarySchool,ASHRAE 169-2006-3B,DOE Ref Pre-1980,1.0,true,true,347.41067782768476,0.0,17.55563495304206,343.10739077174355,0.0,0.0,681.0514495712536,0.0,116.54757043691302,18.387096774193548,176.25561453654552,21.455185790118417,5.28021641486321,1740.28,4026.98,0.0,13.229889750918742
diag Autogenerated 152,91c1ef68-5de0-4e4d-990c-a2b90500b593,2015-11-13T22:16:04Z,2015-11-13T22:31:32Z,completed,completed normal,SmallHotel,ASHRAE 169-2006-3B,DOE Ref Pre-1980,1.0,true,true,139.24758245455166,0.0,66.48471311962645,47.463063345635014,0.0,5.08171468031234,0.0,0.0,205.27699012746024,47.920898267056884,153.78953252777995,0.10370846286351713,0.0,750.37,2099.55,0.0,85.00046795282024
diag Autogenerated 140,93794b39-3ab1-4cc1-a59a-e3f1712048ac,2015-11-13T22:16:04Z,2015-11-13T22:23:37Z,completed,completed normal,LargeHotel,ASHRAE 169-2006-5A,DOE Ref Pre-1980,1.0,true,true,263.85751267706684,0.0,122.04888548463722,225.79854723854567,0.0,0.0,937.8878812264825,0.0,172.14897107081438,109.17482056430465,123.53584615289692,42.88387515876632,3.99196494756855,2633.47,4842.42,0.0,632.1460271178612
diag Autogenerated 123,93dd5b2e-da9c-4f98-b559-2539dcae365e,2015-11-13T22:16:04Z,2015-11-13T22:22:10Z,completed,completed normal,LargeHotel,ASHRAE 169-2006-2A,DOE Ref 1980-2004,0.0,false,true,658.3877538608532,0.0,122.09471948271043,256.4509148730442,0.0,0.0,616.7643136491001,0.0,172.13134261001701,109.17482056430465,196.8587845705134,72.56050748812943,5.177478936192904,2623.39,5934.22,0.0,413.7902160279728
diag Autogenerated 119,9517c0bc-cbca-4428-a639-b0c0bf917016,2015-11-13T22:16:05Z,2015-11-13T22:27:50Z,completed,completed normal,SecondarySchool,ASHRAE 169-2006-5A,90.1-2010,0.0,false,true,90.71917109024092,0.0,5.995814618211515,101.0912617394855,0.0,0.0,243.41261739485503,0.0,123.86075949367088,28.3008370763577,104.13740302164149,3.9934667211106576,4.67690894242548,799.97,1802.79,8.10483870967742,79.09095549203757
diag Autogenerated 107,978d4f2b-c5b4-45c9-a07c-10bce8115324,2015-11-13T22:16:05Z,2015-11-13T22:28:10Z,completed,completed normal,SecondarySchool,ASHRAE 169-2006-3B,90.1-2010,0.0,false,true,135.88709677419354,0.0,5.948856676194365,110.53746427113107,0.0,0.0,56.64046549612087,0.0,123.86075949367088,28.3008370763577,107.22080440996325,4.080236831359739,5.321559820334831,666.26,1781.58,8.10483870967742,72.75061249489588
diag Autogenerated 46,98efc74c-cce1-4090-801b-d42815ac8db3,2015-11-13T22:22:12Z,2015-11-13T22:23:51Z,completed,completed normal,SmallOffice,ASHRAE 169-2006-5A,DOE Ref 1980-2004,1.0,true,true,40.24180295797793,0.0,85.00273886845606,256.0059472572189,0.0,0.0,68.33476797871508,0.0,173.87902026762657,0.0,127.94428359026529,0.0,0.0,776.77,2264.89,0.0,25.334533218561702
diag Autogenerated 9,9b2b4079-ebbc-425e-a4bd-b3449789fe82,2015-11-13T22:24:04Z,2015-11-13T22:26:54Z,completed,completed normal,LargeOffice,ASHRAE 169-2006-3B,DOE Ref 1980-2004,0.0,false,true,174.17033055042836,0.0,25.745239196595247,150.42881287172142,8.578502919879583,0.0,311.49374183204674,0.0,195.80184039987606,0.0,133.32345319734674,27.995964114148506,0.0,1092.06,2675.32,0.0,64.5232759536951
diag Autogenerated 154,9da26867-ab7f-4f7d-84a9-9b62ce18b442,2015-11-13T22:16:04Z,2015-11-13T22:31:28Z,completed,completed normal,SmallHotel,ASHRAE 169-2006-3B,DOE Ref 1980-2004,1.0,true,true,126.21572877960435,0.0,66.48471311962645,126.5470899658268,0.0,1.8692818062472967,20.50898089993651,0.0,205.27699012746024,47.920898267056884,153.78953252777995,0.10370846286351713,0.0,833.72,2320.78,0.0,84.99793847811625
diag Autogenerated 143,9e4b60fa-f040-4a78-9061-3f37ab26c401,2015-11-13T22:16:04Z,2015-11-13T22:27:13Z,completed,completed normal,LargeHotel,ASHRAE 169-2006-5A,90.1-2010,0.0,false,true,211.88264028508746,0.0,104.65664606193407,163.14964183374772,0.0,0.0,309.44735656823224,0.0,151.2248695273545,157.768554175345,106.59665817268663,13.428480012410436,4.1338740569875245,1442.91,3202.08,22.2374218728653,189.34024604042733
diag Autogenerated 113,9fe6707b-168c-42e9-b200-85d2d2d9af49,2015-11-13T22:16:04Z,2015-11-13T22:27:22Z,completed,completed normal,SecondarySchool,ASHRAE 169-2006-4A,90.1-2010,0.0,false,true,110.92333605553287,0.0,5.9611065741118825,97.5561453654553,0.0,0.0,163.7602082482646,0.0,123.86075949367088,28.3008370763577,106.03052266231114,4.171600653327889,4.886688444262965,737.9,1777.29,8.10483870967742,76.6103511637403
diag Autogenerated 82,a042c8cd-6ae7-4418-8324-b1369512099a,2015-11-13T22:16:04Z,2015-11-13T22:18:27Z,completed,completed normal,RetailStandalone,ASHRAE 169-2006-3B,DOE Ref 1980-2004,1.0,true,true,114.8479287180851,0.0,68.50945296186994,167.61189020004448,0.0,1.2859689885309005,134.33362830701094,0.0,87.48076495538342,0.0,266.492007375795,0.0,0.0,840.56,2382.23,0.0,0.0
diag Autogenerated 67,a092103e-93b6-424a-a27b-4853d4598cd4,2015-11-13T22:18:31Z,2015-11-13T22:22:24Z,completed,completed normal,MediumOffice,ASHRAE 169-2006-5A,DOE Ref Pre-1980,0.0,false,true,54.97783103414363,0.0,56.15602777092002,94.98834849734756,0.0,0.0,115.88076729309802,0.0,214.57029940648593,0.0,178.81293166258214,0.05419303559278149,0.0,726.01,2035.88,0.0,10.56964909005879
diag Autogenerated 51,a196dce5-13b6-4ff3-be17-eab64732b93e,2015-11-13T22:21:52Z,2015-11-13T22:24:50Z,completed,completed normal,MediumOffice,ASHRAE 169-2006-2A,DOE Ref 1980-2004,0.0,false,true,275.8566012135226,0.0,56.2222637033112,141.4518514950253,0.0,220.70214102633582,0.0,0.0,214.57029940648593,0.0,178.81293166258214,0.05419303559278149,0.0,1096.24,3453.94,0.0,8.570528221525073
diag Autogenerated 168,a24726ca-2903-4b77-8c24-36986dddd72f,2015-11-13T22:16:04Z,2015-11-13T22:30:37Z,completed,completed normal,SmallHotel,ASHRAE 169-2006-5A,90.1-2010,1.0,true,true,59.89922391136858,0.0,17.64789575553879,78.46521829002789,0.0,92.27159612250979,41.95334877815033,0.0,158.59214139792596,113.12478356227635,63.65752236858707,0.06979697134834326,0.0,798.27,1845.59,0.0,172.59448764996282
diag Autogenerated 153,a3b597b8-52c4-42ae-8051-05e53990c82a,2015-11-13T22:16:04Z,2015-11-13T22:32:02Z,completed,completed normal,SmallHotel,ASHRAE 169-2006-3B,DOE Ref 1980-2004,0.0,false,true,151.94807494327654,0.0,66.48471311962645,145.84951143196093,0.0,0.5590139095813973,17.34966699465522,0.0,205.27699012746024,47.920898267056884,247.77216515446239,0.10370846286351713,0.0,968.27,2753.49,0.0,84.99793847811625
diag Autogenerated 103,a4adc017-6e2c-4bc5-9ddc-b390d43d18f6,2015-11-13T22:16:04Z,2015-11-13T22:24:03Z,completed,completed normal,SecondarySchool,ASHRAE 169-2006-3B,DOE Ref Pre-1980,0.0,false,true,378.9689669252756,0.0,17.55563495304206,373.4167006941609,0.0,0.0,703.7826663944467,0.0,116.54757043691302,18.387096774193548,283.9679461004492,23.170171498570845,5.3021641486320945,1934.33,4594.18,0.0,13.229889750918742
diag Autogenerated 139,a532d345-7161-43a1-9de6-696672bfc599,2015-11-13T22:16:04Z,2015-11-13T22:23:50Z,completed,completed normal,LargeHotel,ASHRAE 169-2006-5A,DOE Ref Pre-1980,0.0,false,true,293.65578138593196,0.0,122.04888548463722,253.18700535640778,0.0,0.0,959.4721686268045,0.0,172.14897107081438,109.17482056430465,199.03061094075161,48.57610515024296,3.990202101488811,2793.43,5304.05,0.0,632.1477899639409
diag Autogenerated 75,a8a79ace-91f9-4ba3-8dc3-4007ae72fba2,2015-11-13T22:16:04Z,2015-11-13T22:18:26Z,completed,completed normal,RetailStandalone,ASHRAE 169-2006-2A,DOE Ref 1980-2004,0.0,false,true,244.03332185406217,0.0,68.53124904642131,190.32776951948352,0.0,0.9067171173370416,86.56532940422584,0.0,87.48076495538342,0.0,429.34363270982004,0.0,0.0,1107.19,3326.14,0.0,0.0
diag Autogenerated 98,a98bb503-4ba3-4d7e-9a2f-4e7cac71c168,2015-11-13T22:16:04Z,2015-11-13T22:25:13Z,completed,completed normal,SecondarySchool,ASHRAE 169-2006-2A,DOE Ref Pre-1980,1.0,true,true,549.4533483054308,0.0,17.560228664761127,286.2203960800327,0.0,0.0,572.4709064924459,0.0,116.54757043691302,18.387096774193548,176.25561453654552,33.393732135565536,5.760004083299306,1787.91,4406.85,0.0,11.860963658636178
diag Autogenerated 11,a9dac308-8e09-4876-85b4-b23b5a08a457,2015-11-13T22:23:56Z,2015-11-13T22:27:37Z,completed,completed normal,LargeOffice,ASHRAE 169-2006-3B,90.1-2010,0.0,false,true,108.86151264136195,0.0,25.150816492918395,96.89582541070219,5.27699857287394,4.263135663978468,1.2159338554434966,1.0307021544411406,173.87152497610933,0.0,93.37572145642635,21.046250391161642,0.0,540.65,1689.58,0.0,9.658710590903159
diag Autogenerated 96,aaf42044-b41f-4577-a8e2-fa82440ac0ce,2015-11-13T22:16:04Z,2015-11-13T22:18:26Z,completed,completed normal,RetailStandalone,ASHRAE 169-2006-5A,90.1-2010,1.0,true,true,44.70376941486232,0.0,27.258183339944814,129.00666524265583,0.0,0.0,284.39095200938107,0.0,86.14684458083951,0.0,106.77901821716748,0.0,0.0,703.86,1583.46,0.0,25.571166395668683
diag Autogenerated 84,abdf1307-b647-4ba0-8aff-1528587898e7,2015-11-13T22:16:04Z,2015-11-13T22:18:27Z,completed,completed normal,RetailStandalone,ASHRAE 169-2006-3B,90.1-2010,1.0,true,true,84.660351614436,0.0,27.022785626790007,140.2665225218942,0.0,0.0,41.691550529862816,0.0,86.14684458083951,0.0,110.99438096940267,0.0,0.0,516.35,1495.17,0.0,25.571166395668683
diag Autogenerated 109,ae0d93d0-8f9d-4eb0-bb6f-b8a811d1a468,2015-11-13T22:16:04Z,2015-11-13T22:26:46Z,completed,completed normal,SecondarySchool,ASHRAE 169-2006-4A,DOE Ref Pre-1980,0.0,false,true,389.02409146590446,0.0,17.53828093099224,324.2277460187832,0.0,0.0,1031.3684156798693,0.0,116.54757043691302,18.387096774193548,283.9679461004492,35.93048182931809,4.841261739485504,2237.71,4867.11,0.0,15.874846876276031
diag Autogenerated 12,ae192a1b-3820-465c-8928-4edccd2a49d6,2015-11-13T22:23:55Z,2015-11-13T22:27:45Z,completed,completed normal,LargeOffice,ASHRAE 169-2006-3B,90.1-2010,1.0,true,true,99.91566344522545,0.0,25.150816492918395,89.58618957341982,4.938108756267357,3.870219934579531,2.2739997838963486,1.1177049230937623,173.87152497610933,0.0,57.95717499203644,18.79119475850417,0.0,487.13,1517.89,0.0,9.658710590903159
diag Autogenerated 78,ae525588-8acd-492e-8acc-4c73dc115b29,2015-11-13T22:16:04Z,2015-11-13T22:18:26Z,completed,completed normal,RetailStandalone,ASHRAE 169-2006-2A,90.1-2010,1.0,true,true,100.99433737723356,0.0,26.892009119481777,124.26819646118773,0.0,0.0,37.9557016377578,0.0,86.14684458083951,0.0,109.74764493306424,0.0,0.0,517.04,1505.12,0.0,25.571166395668683
diag Autogenerated 164,afc5bce8-1ea4-4642-8a8e-6d2eef0294eb,2015-11-13T22:16:04Z,2015-11-13T22:29:40Z,completed,completed normal,SmallHotel,ASHRAE 169-2006-5A,DOE Ref Pre-1980,1.0,true,true,72.81345882900499,0.0,66.36582780853901,30.14627952213164,0.0,81.9170382886586,0.0,0.0,205.27699012746024,47.920898267056884,153.78953252777995,0.1112968869754818,0.0,767.69,2103.69,0.0,109.34666197870689
diag Autogenerated 120,b0341700-86e0-4ed1-976e-9d660f998f0f,2015-11-13T22:16:05Z,2015-11-13T22:27:41Z,completed,completed normal,SecondarySchool,ASHRAE 169-2006-5A,90.1-2010,1.0,true,true,83.61269906084117,0.0,5.995814618211515,94.27011024908126,0.0,0.0,252.53623928133933,0.0,123.86075949367088,28.3008370763577,65.05512454062882,3.8143119640669663,4.672825643119641,755.45,1642.79,8.10483870967742,79.09452837893018
diag Autogenerated 134,b1cda79a-b420-488a-8731-3e4ab647a4a3,2015-11-13T22:16:05Z,2015-11-13T22:22:06Z,completed,completed normal,LargeHotel,ASHRAE 169-2006-4A,DOE Ref Pre-1980,1.0,true,true,323.18786033675644,0.0,122.04624121551763,231.17522778174907,0.0,0.0,798.7023690007042,0.0,172.14897107081438,109.17482056430465,123.53584615289692,52.293947532412126,4.230830591373159,2500.87,4853.55,0.0,564.3707653131828
diag Autogenerated 129,b21fdf3b-8c0f-4a69-981b-4aa6658cec5d,2015-11-13T22:16:05Z,2015-11-13T22:23:21Z,completed,completed normal,LargeHotel,ASHRAE 169-2006-3B,DOE Ref 1980-2004,0.0,false,true,413.92242948395324,0.0,122.084142406232,283.8984283345776,0.0,0.0,616.5219223131361,0.0,172.13134261001701,109.17482056430465,196.8587845705134,51.696342711380666,4.698866225543815,2434.67,5233.13,0.0,463.68669289194014
diag Autogenerated 160,b472928c-bb06-460e-a6e0-f9d65bfb4da2,2015-11-13T22:16:04Z,2015-11-13T22:30:33Z,completed,completed normal,SmallHotel,ASHRAE 169-2006-4A,DOE Ref 1980-2004,1.0,true,true,90.63107864389802,0.0,66.44677099906663,100.91592279031414,0.0,19.747609014036055,67.06649230154375,0.0,205.27699012746024,47.920898267056884,153.78953252777995,0.10876741227149359,0.0,851.46,2249.69,0.0,99.55506539956848
diag Autogenerated 127,b704c7a4-a6a3-4062-9f95-ce232e511b3a,2015-11-13T22:16:05Z,2015-11-13T22:23:09Z,completed,completed normal,LargeHotel,ASHRAE 169-2006-3B,DOE Ref Pre-1980,0.0,false,true,425.5986404931033,0.0,122.084142406232,298.28325234524635,0.0,0.0,641.1409492397285,0.0,172.14897107081438,109.17482056430465,199.03061094075161,57.720869188888074,4.700629071623554,2493.57,5368.37,0.0,463.68669289194014
diag Autogenerated 81,b759db69-da09-457e-8fed-ef0c6ffb9a38,2015-11-13T22:16:04Z,2015-11-13T22:18:27Z,completed,completed normal,RetailStandalone,ASHRAE 169-2006-3B,DOE Ref 1980-2004,0.0,false,true,134.46440481431918,0.0,68.50945296186994,195.94244089991676,0.0,1.150833264312399,109.55148017210189,0.0,87.48076495538342,0.0,429.34363270982004,0.0,0.0,1026.45,3022.56,0.0,0.0
diag Autogenerated 66,b81a2807-bc24-4034-a09b-3d5b82229952,2015-11-13T22:18:31Z,2015-11-13T22:23:27Z,completed,completed normal,MediumOffice,ASHRAE 169-2006-4A,90.1-2010,1.0,true,true,111.51521720367951,0.0,21.31592733316072,114.69253480898963,0.0,174.84680431697709,0.8791314662828997,0.0,154.9017600693671,0.0,49.09086164919444,0.030107241995989718,0.0,642.4,2001.14,0.0,15.129892677718033
diag Autogenerated 63,ba4dce84-5681-4c40-857c-9f7a043eab4d,2015-11-13T22:18:31Z,2015-11-13T22:23:31Z,completed,completed normal,MediumOffice,ASHRAE 169-2006-4A,DOE Ref 1980-2004,0.0,false,true,174.8407828685779,0.0,56.150006322520824,135.17148081466183,0.0,313.53079669783773,0.02207864413039246,0.0,214.57029940648593,0.0,178.81293166258214,0.05419303559278149,0.0,1083.1,3409.42,0.0,9.949439904941402
diag Autogenerated 144,bb9ef4aa-dfd7-4106-a0d1-a788b58b8447,2015-11-13T22:16:04Z,2015-11-13T22:27:12Z,completed,completed normal,LargeHotel,ASHRAE 169-2006-5A,90.1-2010,1.0,true,true,195.08007287605693,0.0,104.65664606193407,152.76207130888676,0.0,0.0,298.72308244214116,0.0,151.2248695273545,157.768554175345,66.16402048779713,12.354906749849496,4.1373997491470025,1363.96,2974.41,22.2374218728653,189.335838925228
diag Autogenerated 27,c58f080c-1f1e-4fe8-8618-8b2c4ab456db,2015-11-13T22:23:36Z,2015-11-13T22:25:27Z,completed,completed normal,SmallOffice,ASHRAE 169-2006-2A,DOE Ref 1980-2004,0.0,false,true,127.0834963612176,0.0,85.10055559902965,234.3297597621097,0.0,0.0,4.382189529697159,0.0,173.87902026762657,0.0,206.13897801079895,0.0,0.0,853.72,2647.16,0.0,22.791298223648173
diag Autogenerated 54,c6cf4495-d881-435e-89bc-947f2991490c,2015-11-13T22:18:32Z,2015-11-13T22:23:10Z,completed,completed normal,MediumOffice,ASHRAE 169-2006-2A,90.1-2010,1.0,true,true,212.11154131014675,0.0,21.16338397371437,122.38593871369821,0.0,202.0838225760158,0.0,0.0,154.9017600693671,0.0,57.82999042589705,0.030107241995989718,0.0,783.61,2454.4,0.0,13.102671716654726
diag Autogenerated 68,c72e6079-ea56-45d7-a01b-2f882491d43f,2015-11-13T22:18:31Z,2015-11-13T22:22:27Z,completed,completed normal,MediumOffice,ASHRAE 169-2006-5A,DOE Ref Pre-1980,1.0,true,true,48.813875022831326,0.0,56.15602777092002,89.80388142563812,0.0,0.0,137.6282317615346,0.0,214.57029940648593,0.0,110.9873368940165,0.05419303559278149,0.0,668.58,1808.7,0.0,10.56964909005879
diag Autogenerated 64,c8f3aa2b-75d3-4782-b498-58ff7b2fc1cc,2015-11-13T22:18:31Z,2015-11-13T22:23:26Z,completed,completed normal,MediumOffice,ASHRAE 169-2006-4A,DOE Ref 1980-2004,1.0,true,true,157.11363878133915,0.0,56.150006322520824,124.30477360357595,0.0,299.7055511732792,0.06422878292477806,0.0,214.57029940648593,0.0,110.9873368940165,0.05419303559278149,0.0,972.9,3060.32,0.0,9.949439904941402
diag Autogenerated 138,cb97a032-253d-4545-bfa0-c3fd2ec39ccf,2015-11-13T22:16:05Z,2015-11-13T22:25:36Z,completed,completed normal,LargeHotel,ASHRAE 169-2006-4A,90.1-2010,1.0,true,true,231.108239630719,0.0,104.65488321585433,151.10235172481268,0.0,0.0,255.13583169755907,0.0,151.2248695273545,157.768554175345,66.23277148490695,12.583195317175672,4.371858277752265,1347.59,3030.6,22.2374218728653,181.06456511909346
diag Autogenerated 1,cc21d893-b5af-4f3c-bb80-e01a408509ac,2015-11-13T22:24:35Z,2015-11-13T22:27:46Z,completed,completed normal,LargeOffice,ASHRAE 169-2006-2A,DOE Ref Pre-1980,0.0,false,true,313.1883348527785,0.0,25.72802380813375,166.70184593874018,30.39040010059775,0.0,373.8112025772185,0.0,195.80184039987606,0.0,199.9851797960201,47.86626487446988,0.0,1411.1,3570.27,0.0,57.63038411274134
diag Autogenerated 47,d73ecedd-463f-420d-b818-42c0e25dcf1b,2015-11-13T22:22:00Z,2015-11-13T22:23:58Z,completed,completed normal,SmallOffice,ASHRAE 169-2006-5A,90.1-2010,0.0,false,true,33.04249158776117,0.0,24.493309335628766,117.9278503795289,0.0,28.484231943031535,19.328585961342828,0.0,92.92589404491744,0.0,105.89639251897644,0.0,0.0,457.33,1408.11,35.23358635260975,0.0
diag Autogenerated 157,d859ed32-53c3-4e3e-81d0-bdf96860136b,2015-11-13T22:16:04Z,2015-11-13T22:30:16Z,completed,completed normal,SmallHotel,ASHRAE 169-2006-4A,DOE Ref Pre-1980,0.0,false,true,114.97980214448866,0.0,66.44677099906663,41.84510002807717,0.0,29.84780150706103,0.0,0.0,205.27699012746024,47.920898267056884,247.77216515446239,0.10876741227149359,0.0,853.75,2396.65,0.0,99.55506539956848
diag Autogenerated 102,d90fc679-8258-449a-ac58-33dcf62f8b46,2015-11-13T22:16:04Z,2015-11-13T22:26:00Z,completed,completed normal,SecondarySchool,ASHRAE 169-2006-2A,90.1-2010,1.0,true,true,196.3867905267456,0.0,5.922825643119641,96.44395671702736,0.0,0.0,72.49387505104124,0.0,123.86075949367088,28.3008370763577,71.88291139240506,5.903940383830134,5.716619028174765,697.82,1852.98,8.10483870967742,70.60636994691711
diag Autogenerated 15,d9f488d9-520b-4b30-826b-4c468cb6f736,2015-11-13T22:23:55Z,2015-11-13T22:27:06Z,completed,completed normal,LargeOffice,ASHRAE 169-2006-4A,DOE Ref 1980-2004,0.0,false,true,203.09368015604628,0.0,25.73101778873575,129.9634584667526,11.813498960340237,0.0,381.2647172858967,0.0,195.80184039987606,0.0,133.32345319734674,42.18967765307849,0.0,1201.62,2847.97,0.0,78.43630381118761
diag Autogenerated 110,da23a5c4-4551-4591-a74c-44b4d2ee1ac9,2015-11-13T22:16:05Z,2015-11-13T22:26:22Z,completed,completed normal,SecondarySchool,ASHRAE 169-2006-4A,DOE Ref Pre-1980,1.0,true,true,353.7244793793385,0.0,17.53828093099224,295.95702327480603,0.0,0.0,1013.71682319314,0.0,116.54757043691302,18.387096774193548,176.25561453654552,33.143630053082894,4.817782768476929,2045.96,4296.63,0.0,15.874846876276031
diag Autogenerated 44,da8cb147-70c1-4fd2-aa73-a475a74f888a,2015-11-13T22:22:16Z,2015-11-13T22:23:52Z,completed,completed normal,SmallOffice,ASHRAE 169-2006-5A,DOE Ref Pre-1980,1.0,true,true,51.255966820564986,0.0,85.00273886845606,299.22137882463414,0.0,0.0,83.78981140934344,0.0,173.87902026762657,0.0,127.94428359026529,0.0,0.0,846.45,2453.41,0.0,25.334533218561702
diag Autogenerated 125,dab05f46-e0b8-41bb-89f9-2f2769296b08,2015-11-13T22:16:04Z,2015-11-13T22:24:33Z,completed,completed normal,LargeHotel,ASHRAE 169-2006-2A,90.1-2010,0.0,false,true,444.15612117451377,0.0,104.68132590705041,159.01400493068047,0.0,0.0,263.1938011280452,0.0,151.2248695273545,157.768554175345,107.12463057356841,15.4751443109872,5.291182508336058,1605.05,3867.44,22.2374218728653,162.69659039125486
diag Autogenerated 72,daccb68f-30b6-486c-bfa7-460002aad7e0,2015-11-13T22:18:31Z,2015-11-13T22:23:31Z,completed,completed normal,MediumOffice,ASHRAE 169-2006-5A,90.1-2010,1.0,true,true,96.6562897039254,0.0,21.450406347409473,117.27172187331274,0.0,194.20375377093208,4.660601060979208,0.0,154.9017600693671,0.0,48.51480975233783,0.030107241995989718,0.0,653.75,2027.27,0.0,16.059202880660916
diag Autogenerated 6,dc0b3322-790b-4e4a-8ab2-567913be6905,2015-11-13T22:24:07Z,2015-11-13T22:27:50Z,completed,completed normal,LargeOffice,ASHRAE 169-2006-2A,90.1-2010,1.0,true,true,148.216934387283,0.0,24.54670855896753,83.24340708455125,16.72558063823547,8.016182514969387,0.8798505797611914,0.13892377575176706,173.87152497610933,0.0,63.62358111815397,29.26941529929654,0.0,563.24,1762.79,0.0,9.194929703166201
diag Autogenerated 2,dcc543d0-6a72-434e-9ebf-e824babc04ad,2015-11-13T22:24:30Z,2015-11-13T22:27:29Z,completed,completed normal,LargeOffice,ASHRAE 169-2006-2A,DOE Ref Pre-1980,1.0,true,true,284.76647699799554,0.0,25.72802380813375,147.6743507178817,27.634440956457045,0.0,340.78535105171056,0.0,195.80184039987606,0.0,124.12893876860572,43.76825392548282,0.0,1247.92,3122.25,0.0,57.63038411274134
diag Autogenerated 55,de05d283-ff65-4bbd-b3df-ebde972fb90f,2015-11-13T22:18:32Z,2015-11-13T22:22:51Z,completed,completed normal,MediumOffice,ASHRAE 169-2006-3B,DOE Ref Pre-1980,0.0,false,true,119.07012779520653,0.0,56.206206507580006,150.30137349237987,0.0,0.0,8.076769452790842,0.0,214.57029940648593,0.0,178.81293166258214,0.05419303559278149,0.0,736.12,2295.67,0.0,9.028158299864117
diag Autogenerated 34,de8800d5-4b2f-42bc-b03c-5080b8f41fda,2015-11-13T22:23:21Z,2015-11-13T22:25:27Z,completed,completed normal,SmallOffice,ASHRAE 169-2006-3B,DOE Ref 1980-2004,1.0,true,true,78.97722826512246,0.0,85.08099225291494,221.80921824868923,0.0,0.0,8.216605368182174,0.0,173.87902026762657,0.0,127.94428359026529,0.0,0.0,719.28,2212.18,0.0,23.358635260975035
diag Autogenerated 70,e5b6787c-f0e2-4366-b56a-044f231246bd,2015-11-13T22:18:31Z,2015-11-13T22:23:31Z,completed,completed normal,MediumOffice,ASHRAE 169-2006-5A,DOE Ref 1980-2004,1.0,true,true,113.21527280171973,0.0,56.15602777092002,135.17348796412824,0.0,372.60521979290235,0.5098159644654259,0.0,214.57029940648593,0.0,110.9873368940165,0.05419303559278149,0.0,1013.84,3187.76,0.0,10.56964909005879
diag Autogenerated 19,e6245784-97bd-4e4f-ae47-d782dbfce59b,2015-11-13T22:23:48Z,2015-11-13T22:27:33Z,completed,completed normal,LargeOffice,ASHRAE 169-2006-5A,DOE Ref Pre-1980,0.0,false,true,130.48815356725305,0.0,25.699580992414752,165.16443689961332,10.301538756330398,0.0,568.2904520461612,0.0,195.80184039987606,0.0,199.9851797960201,25.011713949105324,0.0,1408.55,3094.22,0.0,87.8037206196941
diag Autogenerated 80,e6a7527a-0523-42e7-b82a-f02b12364dd5,2015-11-13T22:16:04Z,2015-11-13T22:18:26Z,completed,completed normal,RetailStandalone,ASHRAE 169-2006-3B,DOE Ref Pre-1980,1.0,true,true,130.01364434892918,0.0,68.50945296186994,207.08024010566743,0.0,1.7567644148405184,151.45663233056814,0.0,87.48076495538342,0.0,266.492007375795,0.0,0.0,912.79,2575.32,0.0,0.0
diag Autogenerated 111,e8b71292-3ca6-4e1e-92d1-03b8e017607b,2015-11-13T22:16:05Z,2015-11-13T22:26:28Z,completed,completed normal,SecondarySchool,ASHRAE 169-2006-4A,DOE Ref 1980-2004,0.0,false,true,312.54236423029806,0.0,17.53828093099224,243.36872192731727,0.0,0.0,777.3877092690894,0.0,116.54757043691302,18.387096774193548,214.5983054307881,27.666904859126173,4.820845242956309,1748.73,3847.57,0.0,15.874846876276031
diag Autogenerated 37,e8b7b531-3741-41e5-a25c-2b2ce7104a08,2015-11-13T22:23:01Z,2015-11-13T22:24:35Z,completed,completed normal,SmallOffice,ASHRAE 169-2006-4A,DOE Ref Pre-1980,0.0,false,true,93.90406135065341,0.0,85.00273886845606,338.4654511307614,0.0,0.0,41.53298380154941,0.0,173.87902026762657,0.0,206.13897801079895,0.0,0.0,963.48,2913.68,0.0,24.551999373972922
diag Autogenerated 39,eb0bf945-928a-412c-8b0c-53b663d0ee28,2015-11-13T22:22:38Z,2015-11-13T22:24:07Z,completed,completed normal,SmallOffice,ASHRAE 169-2006-4A,DOE Ref 1980-2004,0.0,false,true,58.04444792237264,0.0,85.00273886845606,211.4210814617732,0.0,0.0,31.14484701463338,0.0,173.87902026762657,0.0,206.13897801079895,0.0,0.0,790.2,2386.53,0.0,24.551999373972922
diag Autogenerated 61,eb735dbe-c4f9-4031-942e-2232ef1126b5,2015-11-13T22:18:32Z,2015-11-13T22:22:32Z,completed,completed normal,MediumOffice,ASHRAE 169-2006-4A,DOE Ref Pre-1980,0.0,false,true,90.78537751470739,0.0,56.150006322520824,102.39673717782743,0.0,0.0,66.4848189250109,0.0,214.57029940648593,0.0,178.81293166258214,0.05419303559278149,0.0,719.21,2118.51,0.0,9.949439904941402
diag Autogenerated 93,ebe2ed59-24ed-4c55-9299-1f674e491afa,2015-11-13T22:16:04Z,2015-11-13T22:18:26Z,completed,completed normal,RetailStandalone,ASHRAE 169-2006-5A,DOE Ref 1980-2004,0.0,false,true,68.38303567147199,0.0,68.4484239251261,193.021765570033,0.0,4.8605268549557765,604.7018513594219,0.0,87.48076495538342,0.0,429.34363270982004,0.0,0.0,1456.24,3352.32,0.0,0.0
diag Autogenerated 161,ee1a2098-b3ae-4a61-8c8d-de47599574c5,2015-11-13T22:16:04Z,2015-11-13T22:30:22Z,completed,completed normal,SmallHotel,ASHRAE 169-2006-4A,90.1-2010,0.0,false,true,80.24772555830866,0.0,17.6693717467229,83.08255639461059,0.0,46.80960728465621,23.792713733091013,0.0,158.59214139792596,113.12478356227635,103.08744218260497,0.06979697134834326,0.0,787.44,1873.34,0.0,160.9625539248716
diag Autogenerated 57,f1c080cb-3fba-4b44-88ed-df7ed535219c,2015-11-13T22:18:31Z,2015-11-13T22:23:48Z,completed,completed normal,MediumOffice,ASHRAE 169-2006-3B,DOE Ref 1980-2004,0.0,false,true,226.44459564970427,0.0,56.206206507580006,165.1081151060076,0.0,271.52517266503287,0.0,0.0,214.57029940648593,0.0,178.81293166258214,0.05419303559278149,0.0,1121.75,3533.78,0.0,9.028158299864117
diag Autogenerated 60,f21c0ba5-7e19-457b-8196-a23c69f3905a,2015-11-13T22:18:31Z,2015-11-13T22:23:41Z,completed,completed normal,MediumOffice,ASHRAE 169-2006-3B,90.1-2010,1.0,true,true,136.50824235928377,0.0,21.26574859650074,129.86457762550205,0.0,127.9638070808219,0.0,0.0,154.9017600693671,0.0,49.060754407198445,0.030107241995989718,0.0,633.36,1977.18,0.0,13.767038190032899
diag Autogenerated 13,f2a9fe5c-b317-409f-a86c-b7ca62ffad97,2015-11-13T22:23:56Z,2015-11-13T22:28:47Z,completed,completed normal,LargeOffice,ASHRAE 169-2006-4A,DOE Ref Pre-1980,0.0,false,true,252.38582829221852,0.0,25.73101778873575,176.5752454689846,14.594158444447439,0.0,560.0525144197591,0.0,195.80184039987606,0.0,199.9851797960201,51.89316878415945,0.0,1555.46,3596.16,0.0,78.43630381118761
diag Autogenerated 69,f342df61-d051-4d64-824c-5684412119d0,2015-11-13T22:18:31Z,2015-11-13T22:23:36Z,completed,completed normal,MediumOffice,ASHRAE 169-2006-5A,DOE Ref 1980-2004,0.0,false,true,126.55880245434238,0.0,56.15602777092002,147.5636216202112,0.0,389.62785441743495,0.19670064770713283,0.0,214.57029940648593,0.0,178.81293166258214,0.05419303559278149,0.0,1124.11,3537.63,0.0,10.56964909005879
diag Autogenerated 35,f459182d-b4cd-4d37-afe0-78dd8b3a5d5b,2015-11-13T22:23:15Z,2015-11-13T22:24:33Z,completed,completed normal,SmallOffice,ASHRAE 169-2006-3B,90.1-2010,0.0,false,true,56.088113310900695,0.0,24.29767587448157,134.22411769309022,0.0,1.995461303701385,0.1565067689177557,0.0,92.92589404491744,0.0,111.35456608498318,0.0,0.0,456.26,1444.66,35.23358635260975,0.0
diag Autogenerated 105,f5b3c694-6ff4-422b-a1ce-52ae63f4af13,2015-11-13T22:16:04Z,2015-11-13T22:24:30Z,completed,completed normal,SecondarySchool,ASHRAE 169-2006-3B,DOE Ref 1980-2004,0.0,false,true,313.7004899959167,0.0,17.55563495304206,282.3106369946917,0.0,0.0,525.0535933033891,0.0,116.54757043691302,18.387096774193548,214.5983054307881,18.20641077991017,5.271539403838301,1524.86,3669.69,0.0,13.229889750918742
diag Autogenerated 121,f62888a1-3060-490c-885b-8745be9b00e2,2015-11-13T22:16:04Z,2015-11-13T22:21:48Z,completed,completed normal,LargeHotel,ASHRAE 169-2006-2A,DOE Ref Pre-1980,0.0,false,true,652.5456819525988,0.0,122.09471948271043,267.3250309159131,0.0,0.0,650.3024603161311,0.0,172.14897107081438,109.17482056430465,199.03061094075161,79.6894570345932,5.174834667073296,2671.28,6016.02,0.0,413.78933460493295
diag Autogenerated 36,f8a6e2c7-5c96-4812-9cbf-e9ce27e54a06,2015-11-13T22:23:15Z,2015-11-13T22:24:53Z,completed,completed normal,SmallOffice,ASHRAE 169-2006-3B,90.1-2010,1.0,true,true,49.2605055168636,0.0,24.29767587448157,121.97746302527584,0.0,2.5236716487988105,0.21519680726191406,0.0,92.92589404491744,0.0,69.11730182330385,0.0,0.0,395.52,1252.17,35.23358635260975,0.0
diag Autogenerated 167,f9bf1106-7975-45e3-ac8b-601e67234c25,2015-11-13T22:16:04Z,2015-11-13T22:31:01Z,completed,completed normal,SmallHotel,ASHRAE 169-2006-5A,90.1-2010,0.0,false,true,66.07088687790093,0.0,17.64789575553879,83.85032307944238,0.0,80.90811228721991,38.85275255094508,0.0,158.59214139792596,113.12478356227635,102.55859589969639,0.06979697134834326,0.0,834.27,1966.05,0.0,172.59448764996282
diag Autogenerated 146,fa689d33-9370-46ae-88be-4347350bc811,2015-11-13T22:16:04Z,2015-11-13T22:29:50Z,completed,completed normal,SmallHotel,ASHRAE 169-2006-2A,DOE Ref Pre-1980,1.0,true,true,186.05298237714973,0.0,66.43918257495466,55.88874358461978,0.0,3.824565752430193,0.0,0.0,205.27699012746024,47.920898267056884,153.78953252777995,0.10117898815952892,0.0,797.08,2262.51,0.0,77.78640609704583
diag Autogenerated 136,fd43025a-b442-4233-91e9-10ac0f8e8612,2015-11-13T22:16:05Z,2015-11-13T22:21:54Z,completed,completed normal,LargeHotel,ASHRAE 169-2006-4A,DOE Ref 1980-2004,1.0,true,true,316.4273456209581,0.0,122.04624121551763,224.4693612944226,0.0,0.0,732.1725579513612,0.0,172.13134261001701,109.17482056430465,122.1881503249366,45.78375695993667,4.228186322253552,2412.99,4713.84,0.0,564.3725281592625
diag Autogenerated 155,fe6a78b7-9d5a-4b5d-8177-f170848db14a,2015-11-13T22:16:04Z,2015-11-13T22:31:51Z,completed,completed normal,SmallHotel,ASHRAE 169-2006-3B,90.1-2010,0.0,false,true,105.3075227712619,0.0,17.68010974231495,95.77486718441702,0.0,10.32726726065679,5.089809910633032,0.0,158.59214139792596,113.12478356227635,103.08744218260497,0.06979697134834326,0.0,752.73,1838.38,0.0,143.6797500194626
diag Autogenerated 106,ff348729-12cf-4c8b-9982-48989ff829d6,2015-11-13T22:16:04Z,2015-11-13T22:24:31Z,completed,completed normal,SecondarySchool,ASHRAE 169-2006-3B,DOE Ref 1980-2004,1.0,true,true,289.43701510820745,0.0,17.55563495304206,261.11576153532053,0.0,0.0,512.6168844426296,0.0,116.54757043691302,18.387096774193548,133.19875459371173,16.95232748060433,5.255206206614945,1384.3,3250.43,0.0,13.229889750918742
